id,school,gender,age,study time,significant other,free time,social activities,weekday drinker,weekend drinker,totaldrinks,drinker,health
1,0,1,18,2,0,3,4,1,1,2,0,3
2,0,1,17,2,0,3,3,1,1,2,0,3
3,0,1,15,2,0,3,2,2,3,5,1,3
4,0,1,15,3,1,2,2,1,1,2,0,5
5,0,1,16,2,0,3,2,1,2,3,0,5
6,0,0,16,2,0,4,2,1,2,3,0,5
7,0,0,16,2,0,4,4,1,1,2,0,3
8,0,1,17,2,0,1,4,1,1,2,0,1
9,0,0,15,2,0,2,2,1,1,2,0,1
10,0,0,15,2,0,5,1,1,1,2,0,5
11,0,1,15,2,0,3,3,1,2,3,0,2
12,0,1,15,3,0,2,2,1,1,2,0,4
13,0,0,15,1,0,3,3,1,3,4,0,5
14,0,0,15,2,0,4,3,1,2,3,0,3
15,0,0,15,3,1,5,2,1,1,2,0,3
16,0,1,16,1,0,4,4,1,2,3,0,2
17,0,1,16,3,0,2,3,1,2,3,0,2
18,0,1,16,2,0,3,2,1,1,2,0,4
19,0,0,17,1,0,5,5,2,4,6,1,5
20,0,0,16,1,0,1,3,1,3,4,0,5
21,0,0,15,2,0,4,1,1,1,2,0,1
22,0,0,15,1,0,4,2,1,1,2,0,5
23,0,0,16,2,0,5,1,1,3,4,0,5
24,0,0,16,2,0,4,4,2,4,6,1,5
25,0,1,15,3,0,3,2,1,1,2,0,5
26,0,1,16,1,0,2,2,1,3,4,0,5
27,0,0,15,1,0,2,2,1,2,3,0,5
28,0,0,15,1,0,2,4,2,4,6,1,1
29,0,0,16,2,0,3,3,1,1,2,0,5
30,0,0,16,2,1,4,5,5,5,10,1,5
31,0,0,15,2,0,4,2,3,4,7,1,5
32,0,0,15,2,0,3,1,1,1,2,0,5
33,0,0,15,2,1,5,2,1,1,2,0,5
34,0,0,15,2,0,3,2,1,1,2,0,2
35,0,0,16,1,0,4,3,1,1,2,0,5
36,0,1,15,1,0,5,1,1,1,2,0,5
37,0,0,15,3,0,4,3,1,1,2,0,4
38,0,0,16,3,1,4,3,1,1,2,0,5
39,0,1,15,3,0,3,2,1,1,2,0,5
40,0,1,15,1,0,3,1,1,1,2,0,2
41,0,1,16,2,1,3,3,1,2,3,0,3
42,0,0,15,1,1,4,3,2,4,6,1,5
43,0,0,15,2,0,3,3,1,1,2,0,5
44,0,0,15,1,0,4,1,1,1,2,0,1
45,0,1,16,2,0,3,3,2,2,4,0,5
46,0,1,15,2,1,2,2,1,1,2,0,5
47,0,1,16,2,0,3,5,1,4,5,1,3
48,0,0,16,4,0,2,2,1,1,2,0,2
49,0,0,15,2,0,3,3,2,2,4,0,5
50,0,1,15,2,0,4,4,1,1,2,0,3
51,0,1,16,2,0,3,3,2,3,5,1,4
52,0,1,15,2,0,3,3,1,1,2,0,5
53,0,0,15,1,0,5,5,3,4,7,1,5
54,0,1,15,1,0,3,4,2,3,5,1,5
55,0,1,15,1,0,3,4,4,4,8,1,1
56,0,1,16,2,1,3,4,1,1,2,0,2
57,0,1,15,2,0,3,2,1,1,2,0,1
58,0,0,15,2,0,2,2,1,1,2,0,5
59,0,0,15,2,0,3,2,1,1,2,0,5
60,0,1,16,2,0,2,3,1,1,2,0,5
61,0,1,16,2,0,4,4,2,3,5,1,4
62,0,1,16,1,1,5,5,5,5,10,1,5
63,0,1,16,2,0,4,3,1,1,2,0,1
64,0,1,16,3,0,4,4,2,4,6,1,4
65,0,1,15,2,1,4,4,2,4,6,1,2
66,0,1,16,2,0,4,3,1,2,3,0,1
67,0,0,15,4,1,3,3,5,5,10,1,3
68,0,1,16,4,0,3,3,1,2,3,0,5
69,0,1,15,2,0,1,3,1,3,4,0,4
70,0,1,15,4,0,4,2,2,3,5,1,3
71,0,0,16,4,0,3,2,1,1,2,0,5
72,0,0,15,4,0,3,3,1,1,2,0,3
73,0,1,15,2,1,3,4,2,4,6,1,5
74,0,0,16,1,0,3,2,2,2,4,0,5
75,0,1,16,2,0,3,3,2,4,6,1,5
76,0,0,15,2,0,3,3,2,3,5,1,5
77,0,0,15,4,0,4,3,1,1,2,0,1
78,0,1,16,4,1,2,3,1,3,4,0,3
79,0,0,17,1,0,5,1,1,1,2,0,3
80,0,1,16,2,0,4,3,1,2,3,0,3
81,0,0,15,1,1,2,2,1,3,4,0,3
82,0,0,15,3,0,3,2,1,2,3,0,5
83,0,1,15,2,0,4,4,1,1,2,0,5
84,0,0,15,2,0,3,3,1,3,4,0,4
85,0,1,15,2,0,3,2,2,3,5,1,4
86,0,1,15,2,1,4,4,2,3,5,1,5
87,0,1,16,2,0,3,4,1,2,3,0,2
88,0,1,15,3,0,3,3,1,3,4,0,1
89,0,0,16,2,0,4,2,1,1,2,0,3
90,0,0,16,2,0,1,3,3,5,8,1,5
91,0,1,16,3,1,3,3,1,3,4,0,4
92,0,1,15,1,0,5,5,1,3,4,0,1
93,0,1,16,2,0,3,3,2,3,5,1,2
94,0,1,16,2,0,3,3,1,1,2,0,1
95,0,0,15,4,0,3,4,1,1,2,0,4
96,0,1,15,4,0,1,2,1,1,2,0,1
97,0,0,16,1,0,3,3,1,1,2,0,4
98,0,1,16,2,1,3,5,1,1,2,0,5
99,0,1,16,1,0,3,4,1,2,3,0,1
100,0,1,16,3,0,3,5,1,1,2,0,3
101,0,0,16,1,0,5,5,5,5,10,1,4
102,0,0,16,3,1,4,3,1,1,2,0,4
103,0,0,15,1,0,3,3,1,1,2,0,5
104,0,1,15,2,0,3,5,1,1,2,0,2
105,0,0,15,2,0,4,4,1,1,2,0,1
106,0,1,15,4,0,3,3,1,1,2,0,4
107,0,1,15,4,0,1,2,1,1,2,0,3
108,0,0,16,3,0,3,3,1,1,2,0,5
109,0,0,15,4,1,3,5,3,5,8,1,1
110,0,1,16,3,1,4,5,1,1,2,0,4
111,0,0,15,1,0,5,3,1,1,2,0,4
112,0,1,16,3,0,1,2,1,1,2,0,2
113,0,1,16,2,0,1,2,1,1,2,0,5
114,0,0,15,1,0,5,2,1,1,2,0,3
115,0,0,15,2,1,4,2,1,1,2,0,5
116,0,0,16,2,0,4,4,1,2,3,0,5
117,0,0,15,2,0,4,3,1,1,2,0,2
118,0,0,16,1,0,4,2,1,1,2,0,5
119,0,0,17,2,0,2,4,1,4,5,1,5
120,0,0,15,1,0,4,3,1,2,3,0,4
121,0,1,15,2,0,2,3,1,2,3,0,1
122,0,0,15,4,0,5,4,1,2,3,0,5
123,0,1,16,2,1,2,2,1,2,3,0,5
124,0,0,16,1,0,4,4,1,4,5,1,5
125,0,1,16,2,1,4,4,1,1,2,0,5
126,0,0,15,1,0,5,5,3,2,5,1,5
127,0,1,15,2,1,3,2,1,1,2,0,1
128,0,1,19,2,0,4,2,1,1,2,0,5
129,0,0,18,1,0,3,3,1,2,3,0,4
130,0,0,16,1,0,5,5,2,5,7,1,4
131,0,1,15,3,1,2,2,2,2,4,0,5
132,0,1,15,1,1,3,3,1,2,3,0,4
133,0,1,17,1,1,4,4,1,3,4,0,5
134,0,1,16,1,0,2,1,1,4,5,1,5
135,0,0,15,2,1,3,3,1,1,2,0,5
136,0,1,15,3,1,3,3,1,1,2,0,5
137,0,0,17,2,0,4,5,2,4,6,1,5
138,0,1,16,1,1,3,2,1,1,2,0,5
139,0,0,16,2,1,4,4,1,3,4,0,5
140,0,1,15,1,0,3,2,1,1,2,0,5
141,0,0,15,4,0,2,2,1,1,2,0,3
142,0,0,16,1,0,3,3,2,2,4,0,2
143,0,1,15,3,0,2,2,1,1,2,0,5
144,0,1,16,1,0,4,4,3,3,6,1,1
145,0,0,17,1,0,4,5,1,2,3,0,5
146,0,1,15,2,0,4,2,1,2,3,0,5
147,0,1,15,2,0,3,2,1,1,2,0,3
148,0,1,15,2,0,3,2,1,1,2,0,5
149,0,0,16,1,1,3,2,2,1,3,0,5
150,0,0,15,1,0,5,5,2,5,7,1,5
151,0,0,18,1,1,3,5,2,5,7,1,4
152,0,0,16,1,1,4,4,3,5,8,1,5
153,0,1,15,3,1,2,1,2,3,5,1,3
154,0,0,19,1,1,5,4,1,1,2,0,4
155,0,1,17,1,1,2,1,1,1,2,0,4
156,0,0,15,2,0,4,4,1,1,2,0,1
157,0,0,17,1,0,2,2,3,3,6,1,5
158,0,1,18,1,0,2,5,1,5,6,1,4
159,0,0,16,1,0,2,2,1,2,3,0,3
160,0,0,16,2,1,5,5,4,4,8,1,5
161,0,0,17,1,1,3,2,2,2,4,0,5
162,0,0,15,2,1,4,4,1,4,5,1,3
163,0,0,16,1,0,4,4,2,4,6,1,5
164,0,0,17,1,0,3,3,1,4,5,1,2
165,0,0,17,2,1,3,5,1,5,6,1,5
166,0,0,16,1,0,5,2,1,1,2,0,2
167,0,0,16,2,0,3,5,2,4,6,1,4
168,0,1,16,2,1,2,3,1,1,2,0,3
169,0,1,16,2,0,1,5,1,1,2,0,4
170,0,1,16,2,1,4,2,1,1,2,0,3
171,0,0,16,1,0,4,5,2,4,6,1,2
172,0,0,16,2,1,3,2,1,1,2,0,3
173,0,0,17,2,0,4,4,1,3,4,0,5
174,0,1,16,2,1,3,5,1,1,2,0,3
175,0,1,16,2,0,4,5,1,1,2,0,4
176,0,0,17,2,0,4,4,4,4,8,1,4
177,0,1,16,2,0,4,4,1,4,5,1,5
178,0,0,17,2,0,3,4,1,4,5,1,4
179,0,0,16,1,1,3,3,3,4,7,1,3
180,0,0,17,2,1,2,3,1,1,2,0,2
181,0,0,16,2,0,4,3,2,3,5,1,3
182,0,0,16,2,1,2,3,1,2,3,0,3
183,0,1,17,2,0,4,2,2,3,5,1,5
184,0,1,17,2,1,3,3,2,3,5,1,1
185,0,1,16,2,0,2,2,1,2,3,0,1
186,0,0,17,2,1,3,4,2,3,5,1,4
187,0,0,16,1,1,3,3,1,2,3,0,3
188,0,0,16,2,1,2,3,1,2,3,0,5
189,0,1,17,2,1,3,3,1,3,4,0,3
190,0,0,17,2,0,1,3,1,5,6,1,3
191,0,1,16,2,0,3,3,1,1,2,0,2
192,0,1,17,2,0,3,3,1,1,2,0,3
193,0,0,17,2,0,4,4,4,5,9,1,5
194,0,0,16,1,0,3,2,3,4,7,1,5
195,0,0,16,1,0,3,3,1,1,2,0,3
196,0,1,17,2,1,3,2,1,1,2,0,5
197,0,0,17,1,0,2,3,1,2,3,0,5
198,0,0,16,1,0,3,4,3,5,8,1,3
199,0,1,17,1,0,2,4,2,3,5,1,2
200,0,1,16,2,0,5,2,1,2,3,0,3
201,0,1,16,2,0,3,5,1,5,6,1,2
202,0,1,16,2,0,4,3,1,3,4,0,4
203,0,1,17,2,0,4,4,1,3,4,0,1
204,0,1,17,1,0,3,2,1,2,3,0,3
205,0,1,16,4,0,3,5,1,1,2,0,5
206,0,1,17,3,1,4,3,3,4,7,1,5
207,0,1,16,2,0,3,3,2,2,4,0,4
208,0,1,16,2,1,3,2,1,1,2,0,1
209,0,1,16,1,0,3,2,1,4,5,1,5
210,0,1,17,3,1,4,2,1,1,2,0,4
211,0,1,19,4,0,3,3,1,2,3,0,3
212,0,0,17,2,1,3,5,4,5,9,1,3
213,0,1,16,2,0,3,4,1,1,2,0,4
214,0,0,18,2,0,4,4,2,4,6,1,5
215,0,1,17,1,0,2,1,1,2,3,0,3
216,0,1,17,2,0,4,4,1,3,4,0,1
217,0,1,17,2,1,4,5,2,4,6,1,1
218,0,0,18,2,0,2,4,2,4,6,1,4
219,0,1,17,1,0,3,3,1,4,5,1,3
220,0,1,17,3,0,3,3,1,1,2,0,4
221,0,1,17,2,0,2,5,1,2,3,0,5
222,0,1,17,3,1,3,4,1,1,2,0,5
223,0,1,16,2,0,3,1,1,1,2,0,3
224,0,0,18,2,0,3,3,5,5,10,1,4
225,0,1,16,3,0,3,2,1,1,2,0,5
226,0,1,18,2,1,3,3,1,1,2,0,4
227,0,1,17,2,0,3,4,1,3,4,0,3
228,0,0,17,2,0,3,3,1,3,4,0,3
229,0,0,18,2,1,3,2,4,5,9,1,3
230,0,1,17,3,1,2,3,1,2,3,0,3
231,0,1,17,2,1,2,3,1,2,3,0,3
232,0,0,17,2,0,5,2,1,1,2,0,1
233,0,0,17,2,1,5,5,1,3,4,0,2
234,0,0,16,2,0,2,4,2,4,6,1,1
235,0,0,16,2,0,4,2,1,1,2,0,5
236,0,0,16,3,1,3,3,1,3,4,0,2
237,0,0,17,2,1,4,2,5,5,10,1,4
238,0,1,16,1,1,5,2,1,1,2,0,5
239,0,1,17,2,0,1,1,1,1,2,0,3
240,0,0,18,2,0,5,4,3,5,8,1,2
241,0,0,17,2,1,5,5,1,4,5,1,5
242,0,0,17,2,0,3,3,2,3,5,1,4
243,0,0,16,1,0,4,5,1,1,2,0,3
244,0,0,16,1,0,3,2,1,2,3,0,5
245,0,1,18,3,1,4,4,1,1,2,0,3
246,0,0,16,1,0,3,3,1,1,2,0,4
247,0,0,17,1,0,2,2,1,1,2,0,2
248,0,0,22,1,1,4,5,5,5,10,1,1
249,0,0,18,2,1,3,3,1,3,4,0,5
250,0,0,16,1,0,3,2,2,4,6,1,5
251,0,0,18,1,0,4,5,2,4,6,1,5
252,0,0,16,2,0,3,3,1,3,4,0,2
253,0,0,18,1,0,2,5,2,5,7,1,5
254,0,0,16,1,0,3,2,1,3,4,0,3
255,0,0,17,1,0,4,2,2,4,6,1,5
256,0,0,17,1,0,4,4,1,2,3,0,5
257,0,1,17,4,0,2,3,1,1,2,0,4
258,0,0,19,2,0,3,1,1,1,2,0,1
259,0,0,18,2,0,2,4,1,2,3,0,4
260,0,1,17,4,1,4,1,1,1,2,0,2
261,0,1,18,2,1,1,2,1,3,4,0,2
262,0,0,18,2,0,3,2,1,1,2,0,3
263,0,0,18,3,0,3,2,1,1,2,0,3
264,0,1,17,3,0,2,3,1,1,2,0,4
265,0,1,18,3,1,3,3,1,1,2,0,3
266,0,0,18,2,0,2,5,3,4,7,1,1
267,0,0,17,2,1,4,4,3,4,7,1,5
268,0,1,18,2,0,3,4,2,2,4,0,4
269,0,0,18,2,1,4,5,1,3,4,0,5
270,0,1,18,2,1,3,5,1,2,3,0,3
271,0,1,19,2,0,3,5,3,3,6,1,5
272,0,1,18,4,1,5,5,1,3,4,0,2
273,0,1,18,2,0,4,3,1,1,2,0,3
274,0,0,17,2,1,5,2,2,2,4,0,1
275,0,1,17,2,1,3,3,1,1,2,0,1
276,0,1,17,2,1,4,4,2,3,5,1,5
277,0,1,18,2,1,1,1,1,1,2,0,5
278,0,0,18,1,0,2,4,1,4,5,1,3
279,0,1,18,2,1,4,4,1,1,2,0,4
280,0,0,18,1,0,2,3,1,2,3,0,1
281,0,0,17,1,1,5,4,2,4,6,1,5
282,0,0,17,1,0,4,4,3,4,7,1,3
283,0,1,18,4,0,2,2,1,1,2,0,3
284,0,1,18,2,0,4,4,1,1,2,0,4
285,0,1,17,2,0,4,5,1,2,3,0,5
286,0,0,17,2,0,3,3,1,2,3,0,4
287,0,1,18,3,0,3,3,1,2,3,0,2
288,0,1,17,3,0,3,3,1,1,2,0,3
289,0,0,18,3,0,2,4,1,3,4,0,2
290,0,0,18,2,0,4,3,1,1,2,0,2
291,0,0,18,2,1,3,2,1,4,5,1,5
292,0,1,17,3,0,2,2,1,2,3,0,3
293,0,1,18,2,1,4,3,1,1,2,0,5
294,0,1,17,4,0,1,2,1,1,2,0,3
295,0,0,18,3,0,4,2,1,1,2,0,4
296,0,0,17,1,0,4,3,1,3,4,0,5
297,0,1,19,2,0,3,4,2,3,5,1,2
298,0,1,18,2,1,4,5,1,2,3,0,2
299,0,1,18,4,0,3,3,1,1,2,0,3
300,0,0,18,1,1,4,2,2,2,4,0,1
301,0,1,18,2,1,2,4,1,1,2,0,4
302,0,0,17,1,0,1,1,2,2,4,0,5
303,0,1,17,3,0,3,3,1,1,2,0,3
304,0,1,17,4,0,2,2,1,2,3,0,5
305,0,0,19,2,1,4,4,1,1,2,0,3
306,0,1,18,2,0,4,3,1,1,2,0,3
307,0,0,20,1,0,5,3,1,1,2,0,5
308,0,0,19,1,1,3,4,1,1,2,0,4
309,0,0,19,2,1,5,3,1,2,3,0,5
310,0,1,19,2,0,4,3,1,3,4,0,3
311,0,1,19,2,1,2,4,2,2,4,0,3
312,0,1,19,2,1,4,1,1,1,2,0,2
313,0,0,19,2,0,5,2,2,2,4,0,4
314,0,1,19,2,1,2,2,1,2,3,0,1
315,0,1,19,3,1,1,2,1,1,2,0,3
316,0,1,19,3,1,1,2,1,1,2,0,3
317,0,1,18,2,0,3,3,1,2,3,0,1
318,0,1,18,3,1,3,4,1,1,2,0,5
319,0,1,17,3,0,3,4,2,5,7,1,5
320,0,1,18,2,0,4,4,3,3,6,1,5
321,0,1,17,2,1,2,2,1,2,3,0,5
322,0,1,17,2,1,2,2,1,1,2,0,3
323,0,1,17,3,0,3,2,2,2,4,0,3
324,0,1,17,3,0,4,3,2,3,5,1,5
325,0,1,17,3,0,3,3,2,3,5,1,2
326,0,0,18,3,0,3,3,2,2,4,0,3
327,0,0,17,1,0,3,5,3,5,8,1,5
328,0,0,17,1,0,4,5,5,5,10,1,4
329,0,1,17,3,0,4,4,1,3,4,0,4
330,0,1,17,3,1,3,3,1,2,3,0,4
331,0,0,18,4,0,5,5,2,4,6,1,5
332,0,1,17,3,1,4,3,1,1,2,0,5
333,0,1,18,2,0,3,4,1,1,2,0,4
334,0,1,18,2,1,3,3,1,1,2,0,2
335,0,1,18,4,0,4,4,1,1,2,0,4
336,0,1,17,3,0,4,5,1,3,4,0,5
337,0,1,19,3,0,4,3,1,2,3,0,5
338,0,1,17,2,1,3,2,2,3,5,1,2
339,0,1,18,4,0,3,3,1,1,2,0,1
340,0,1,17,2,0,3,3,2,3,5,1,2
341,0,1,19,3,1,3,4,1,3,4,0,3
342,0,0,18,2,0,3,3,2,2,4,0,2
343,0,0,18,2,1,3,3,1,3,4,0,5
344,0,1,17,2,1,3,1,1,2,3,0,4
345,0,1,18,3,0,3,3,1,2,3,0,3
346,0,1,18,3,1,4,3,2,3,5,1,1
347,0,0,18,3,1,3,2,1,2,3,0,4
348,0,0,18,3,1,4,5,2,3,5,1,5
349,0,1,17,3,1,4,3,1,3,4,0,4
350,1,0,18,1,0,5,5,5,5,10,1,5
351,1,0,19,2,0,4,4,3,3,6,1,2
352,1,0,17,2,0,5,4,2,3,5,1,3
353,1,0,18,1,1,3,3,2,3,5,1,3
354,1,0,19,1,0,4,4,3,3,6,1,5
355,1,0,17,2,1,5,5,1,3,4,0,2
356,1,1,18,2,1,3,4,1,1,2,0,5
357,1,1,17,2,0,3,3,1,2,3,0,5
358,1,1,17,2,1,2,3,1,2,3,0,5
359,1,0,18,1,1,3,2,1,2,3,0,3
360,1,1,18,3,0,3,2,1,1,2,0,4
361,1,1,18,2,1,3,4,1,4,5,1,5
362,1,0,18,2,0,4,3,2,3,5,1,5
363,1,1,18,2,1,3,2,1,3,4,0,3
364,1,1,17,2,1,3,4,1,1,2,0,1
365,1,1,17,2,0,2,2,1,2,3,0,3
366,1,0,18,2,0,3,4,2,4,6,1,3
367,1,0,18,3,1,2,2,2,2,4,0,5
368,1,1,17,1,1,2,1,1,2,3,0,1
369,1,1,18,1,1,2,3,1,2,3,0,4
370,1,1,18,2,1,2,2,4,2,6,1,5
371,1,1,19,2,1,2,2,1,1,2,0,3
372,1,0,18,1,1,3,3,2,3,5,1,3
373,1,1,17,3,1,4,3,1,1,2,0,3
374,1,1,17,1,0,5,5,1,3,4,0,1
375,1,1,18,3,0,4,4,1,1,2,0,1
376,1,1,18,3,0,3,2,1,2,3,0,4
377,1,1,20,3,1,4,3,1,1,2,0,3
378,1,1,18,2,0,4,3,3,4,7,1,2
379,1,1,18,2,1,1,3,1,2,3,0,1
380,1,1,17,2,0,5,4,2,3,5,1,1
381,1,0,18,2,0,2,4,1,4,5,1,2
382,1,0,18,1,1,4,3,1,3,4,0,5
383,1,0,17,2,0,4,3,1,1,2,0,3
384,1,0,19,1,0,3,2,1,3,4,0,5
385,1,0,18,1,0,4,3,4,3,7,1,3
386,1,1,18,3,0,3,3,1,3,4,0,4
387,1,1,18,1,1,4,3,2,2,4,0,5
388,1,1,19,3,0,4,2,1,2,3,0,5
389,1,1,18,2,0,3,4,1,1,2,0,1
390,1,1,18,2,0,1,1,1,1,2,0,5
391,1,0,20,2,0,5,4,4,5,9,1,4
392,1,0,17,1,0,4,5,3,4,7,1,2
393,1,0,21,1,0,5,3,3,3,6,1,3
394,1,0,18,1,0,4,1,3,4,7,1,5
395,1,0,19,1,0,2,3,3,3,6,1,5
396,0,1,18,2,0,3,4,1,1,2,0,3
397,0,1,17,2,0,3,3,1,1,2,0,3
398,0,1,15,2,0,3,2,2,3,5,1,3
399,0,1,15,3,1,2,2,1,1,2,0,5
400,0,1,16,2,0,3,2,1,2,3,0,5
401,0,0,16,2,0,4,2,1,2,3,0,5
402,0,0,16,2,0,4,4,1,1,2,0,3
403,0,1,17,2,0,1,4,1,1,2,0,1
404,0,0,15,2,0,2,2,1,1,2,0,1
405,0,0,15,2,0,5,1,1,1,2,0,5
406,0,1,15,2,0,3,3,1,2,3,0,2
407,0,1,15,3,0,2,2,1,1,2,0,4
408,0,0,15,1,0,3,3,1,3,4,0,5
409,0,0,15,2,0,4,3,1,2,3,0,3
410,0,0,15,3,1,5,2,1,1,2,0,3
411,0,1,16,1,0,4,4,1,2,3,0,2
412,0,1,16,3,0,2,3,1,2,3,0,2
413,0,1,16,2,0,3,2,1,1,2,0,4
414,0,0,17,1,0,5,5,2,4,6,1,5
415,0,0,16,1,0,1,3,1,3,4,0,5
416,0,0,15,2,0,4,1,1,1,2,0,1
417,0,0,15,1,0,4,2,1,1,2,0,5
418,0,0,16,2,0,5,1,1,3,4,0,5
419,0,0,16,2,0,4,4,2,4,6,1,5
420,0,1,15,3,0,3,2,1,1,2,0,5
421,0,1,16,1,0,2,2,1,3,4,0,5
422,0,0,15,1,0,2,2,1,2,3,0,5
423,0,0,15,1,0,2,4,2,4,6,1,1
424,0,0,16,2,0,3,3,1,1,2,0,5
425,0,0,16,2,1,4,5,5,5,10,1,5
426,0,0,15,2,0,4,2,3,4,7,1,5
427,0,0,15,2,0,3,1,1,1,2,0,5
428,0,0,15,2,1,5,2,1,1,2,0,5
429,0,0,15,2,0,3,2,1,1,2,0,2
430,0,0,16,1,0,4,3,1,1,2,0,5
431,0,1,15,1,0,5,1,1,1,2,0,5
432,0,0,15,3,0,4,3,1,1,2,0,4
433,0,0,16,3,1,4,3,1,1,2,0,5
434,0,1,15,3,0,3,2,1,1,2,0,5
435,0,1,15,1,0,3,1,1,1,2,0,2
436,0,1,16,2,1,3,3,1,2,3,0,3
437,0,0,15,1,1,4,3,2,4,6,1,5
438,0,0,15,2,0,3,3,1,1,2,0,5
439,0,0,15,1,0,4,1,1,1,2,0,1
440,0,1,16,2,0,3,3,2,2,4,0,5
441,0,1,15,2,1,2,2,1,1,2,0,5
442,0,1,16,2,0,3,5,1,4,5,1,3
443,0,0,16,4,0,2,2,1,1,2,0,2
444,0,0,15,2,0,3,3,2,2,4,0,5
445,0,1,15,2,0,4,4,1,1,2,0,3
446,0,1,16,2,0,3,3,2,3,5,1,4
447,0,1,15,2,0,3,3,1,1,2,0,5
448,0,0,15,1,0,5,5,3,4,7,1,5
449,0,1,15,1,0,3,4,2,3,5,1,5
450,0,1,15,1,0,3,4,4,4,8,1,1
451,0,1,16,2,1,3,4,1,1,2,0,2
452,0,1,15,2,0,3,2,1,1,2,0,1
453,0,0,15,2,0,2,2,1,1,2,0,5
454,0,0,15,2,0,3,2,1,1,2,0,5
455,0,1,16,2,0,2,3,1,1,2,0,5
456,0,1,16,2,0,4,4,2,3,5,1,4
457,0,1,16,1,1,5,5,5,5,10,1,5
458,0,1,16,2,0,4,3,1,1,2,0,1
459,0,1,16,3,0,4,4,2,4,6,1,4
460,0,1,15,2,1,4,4,2,4,6,1,2
461,0,1,16,2,0,4,3,1,2,3,0,1
462,0,0,15,4,1,3,3,5,5,10,1,3
463,0,1,16,4,0,3,3,1,2,3,0,5
464,0,1,15,2,0,1,3,1,3,4,0,4
465,0,1,15,4,0,4,2,2,3,5,1,3
466,0,0,16,4,0,3,2,1,1,2,0,5
467,0,0,15,4,0,3,3,1,1,2,0,3
468,0,1,15,2,1,3,4,2,4,6,1,5
469,0,0,16,1,0,3,2,2,2,4,0,5
470,0,1,16,2,0,3,3,2,4,6,1,5
471,0,0,15,2,0,3,3,2,3,5,1,5
472,0,0,15,4,0,4,3,1,1,2,0,1
473,0,1,16,4,1,2,3,1,3,4,0,3
474,0,0,17,1,0,5,1,1,1,2,0,3
475,0,1,16,2,0,4,3,1,2,3,0,3
476,0,0,15,1,1,2,2,1,3,4,0,3
477,0,0,15,3,0,3,2,1,2,3,0,5
478,0,1,15,2,0,4,4,1,1,2,0,5
479,0,0,15,2,0,3,3,1,3,4,0,4
480,0,1,15,2,0,3,2,2,3,5,1,4
481,0,1,15,2,1,4,4,2,3,5,1,5
482,0,1,16,2,0,3,4,1,2,3,0,2
483,0,1,15,3,0,3,3,1,3,4,0,1
484,0,0,16,2,0,4,2,1,1,2,0,3
485,0,0,16,2,0,1,3,3,5,8,1,5
486,0,1,16,3,1,3,3,1,3,4,0,4
487,0,1,15,1,0,5,5,1,3,4,0,1
488,0,1,16,2,0,3,3,2,3,5,1,2
489,0,1,16,2,0,3,3,1,1,2,0,1
490,0,0,15,4,0,3,4,1,1,2,0,4
491,0,1,15,4,0,1,2,1,1,2,0,1
492,0,0,16,1,0,3,3,1,1,2,0,4
493,0,1,16,2,1,3,5,1,1,2,0,5
494,0,1,16,1,0,3,4,1,2,3,0,1
495,0,1,16,3,0,3,5,1,1,2,0,3
496,0,0,16,1,0,5,5,5,5,10,1,4
497,0,0,16,3,1,4,3,1,1,2,0,4
498,0,0,15,1,0,3,3,1,1,2,0,5
499,0,1,15,2,0,3,5,1,1,2,0,2
500,0,0,15,2,0,4,4,1,1,2,0,1
501,0,1,15,4,0,3,3,1,1,2,0,4
502,0,1,15,4,0,1,2,1,1,2,0,3
503,0,0,16,3,0,3,3,1,1,2,0,5
504,0,0,15,4,1,3,5,3,5,8,1,1
505,0,1,16,3,1,4,5,1,1,2,0,4
506,0,0,15,1,0,5,3,1,1,2,0,4
507,0,1,16,3,0,1,2,1,1,2,0,2
508,0,1,16,2,0,1,2,1,1,2,0,5
509,0,0,15,1,0,5,2,1,1,2,0,3
510,0,0,15,2,1,4,2,1,1,2,0,5
511,0,0,16,2,0,4,4,1,2,3,0,5
512,0,0,15,2,0,4,3,1,1,2,0,2
513,0,0,16,1,0,4,2,1,1,2,0,5
514,0,0,17,2,0,2,4,1,4,5,1,5
515,0,0,15,1,0,4,3,1,2,3,0,4
516,0,1,15,2,0,2,3,1,2,3,0,1
517,0,0,15,4,0,5,4,1,2,3,0,5
518,0,1,16,2,1,2,2,1,2,3,0,5
519,0,0,16,1,0,4,4,1,4,5,1,5
520,0,1,16,2,1,4,4,1,1,2,0,5
521,0,0,15,1,0,5,5,3,2,5,1,5
522,0,1,15,2,1,3,2,1,1,2,0,1
523,0,1,19,2,0,4,2,1,1,2,0,5
524,0,0,16,1,0,5,5,2,5,7,1,4
525,0,0,16,3,1,2,3,2,2,4,0,1
526,0,1,15,3,1,2,2,2,2,4,0,5
527,0,1,18,2,1,4,5,1,3,4,0,5
528,0,1,17,1,0,2,2,1,2,3,0,5
529,0,1,15,1,1,3,3,1,2,3,0,4
530,0,1,17,1,1,4,4,1,3,4,0,5
531,0,1,16,1,0,2,1,1,4,5,1,5
532,0,0,16,1,0,2,1,1,1,2,0,2
533,0,1,16,1,0,3,4,1,1,2,0,5
534,0,0,15,2,1,3,3,1,1,2,0,5
535,0,1,15,3,1,3,3,1,1,2,0,5
536,0,0,17,2,0,4,5,2,4,6,1,5
537,0,1,16,2,0,1,3,1,1,2,0,3
538,0,0,18,1,1,3,4,4,5,9,1,4
539,0,1,18,3,1,3,3,5,1,6,1,5
540,0,1,16,1,1,3,3,1,2,3,0,1
541,0,1,16,1,1,3,2,1,1,2,0,5
542,0,0,16,2,1,4,4,1,3,4,0,5
543,0,1,15,1,0,3,2,1,1,2,0,5
544,0,1,15,1,1,5,5,1,1,2,0,1
545,0,0,15,4,0,2,2,1,1,2,0,3
546,0,1,15,2,1,3,2,2,3,5,1,1
547,0,0,16,3,0,3,3,1,3,4,0,5
548,0,0,16,1,0,3,3,2,2,4,0,2
549,0,1,15,3,0,2,2,1,1,2,0,5
550,0,1,16,1,0,4,4,3,3,6,1,1
551,0,0,17,1,0,4,5,1,2,3,0,5
552,0,1,15,2,0,4,2,1,2,3,0,5
553,0,1,15,1,1,4,2,1,1,2,0,5
554,0,1,15,2,0,3,2,1,1,2,0,3
555,0,1,15,2,0,3,2,1,1,2,0,5
556,0,1,15,2,1,3,4,2,4,6,1,1
557,0,0,16,1,1,3,2,2,1,3,0,5
558,0,0,15,1,0,5,5,2,5,7,1,5
559,0,0,18,1,1,3,5,2,5,7,1,4
560,0,0,16,1,1,4,4,3,5,8,1,5
561,0,1,15,3,1,2,1,2,3,5,1,3
562,0,0,19,1,1,5,4,1,1,2,0,4
563,0,1,17,1,1,2,1,1,1,2,0,4
564,0,0,15,2,0,4,4,1,1,2,0,1
565,0,0,17,1,0,2,2,3,3,6,1,5
566,0,1,18,1,0,2,5,1,5,6,1,4
567,0,0,16,1,0,2,2,1,2,3,0,3
568,0,0,16,2,1,5,5,4,4,8,1,5
569,0,0,16,1,0,4,5,3,5,8,1,5
570,0,0,17,1,1,3,2,2,2,4,0,5
571,0,0,17,2,1,4,4,1,4,5,1,3
572,0,0,15,1,0,4,4,2,4,6,1,5
573,0,0,16,1,0,3,3,1,4,5,1,2
574,0,0,17,2,1,3,5,1,5,6,1,5
575,0,0,17,1,0,5,2,1,1,2,0,2
576,0,0,16,2,0,3,5,2,4,6,1,4
577,0,1,16,2,1,2,3,1,1,2,0,3
578,0,1,16,2,0,1,5,1,1,2,0,4
579,0,1,16,2,1,4,2,1,1,2,0,3
580,0,0,16,1,0,4,5,2,4,6,1,2
581,0,0,16,2,1,3,2,1,1,2,0,3
582,0,0,17,2,0,4,4,1,3,4,0,5
583,0,1,16,2,1,3,5,1,1,2,0,3
584,0,1,16,2,0,4,5,1,1,2,0,4
585,0,0,17,2,0,4,4,4,4,8,1,4
586,0,1,16,2,0,4,4,1,4,5,1,5
587,0,0,17,2,0,3,4,1,4,5,1,4
588,0,0,16,1,1,3,3,3,4,7,1,3
589,0,0,17,2,1,2,3,1,1,2,0,2
590,0,0,16,2,0,4,3,2,3,5,1,3
591,0,0,16,2,1,2,3,1,2,3,0,3
592,0,1,17,2,0,4,2,2,3,5,1,5
593,0,1,17,2,1,3,3,2,3,5,1,1
594,0,1,16,2,0,2,2,1,2,3,0,1
595,0,0,17,2,1,3,4,2,3,5,1,4
596,0,0,16,1,1,3,3,1,2,3,0,3
597,0,0,16,2,1,2,3,1,2,3,0,5
598,0,1,17,2,1,3,3,1,3,4,0,3
599,0,0,17,2,0,1,3,1,5,6,1,3
600,0,1,16,2,0,3,3,1,1,2,0,2
601,0,1,17,2,0,3,3,1,1,2,0,3
602,0,0,17,2,0,4,4,4,5,9,1,5
603,0,0,16,1,0,3,2,3,4,7,1,5
604,0,0,16,1,0,3,3,1,1,2,0,3
605,0,1,17,2,1,3,2,1,1,2,0,5
606,0,0,17,1,0,2,3,1,2,3,0,5
607,0,0,16,1,0,3,4,3,5,8,1,3
608,0,1,17,1,0,2,4,2,3,5,1,2
609,0,1,16,2,0,5,2,1,2,3,0,3
610,0,1,16,2,0,3,5,1,5,6,1,2
611,0,1,16,2,0,4,3,1,3,4,0,4
612,0,1,17,2,0,4,4,1,3,4,0,1
613,0,1,17,1,0,3,2,1,2,3,0,3
614,0,1,16,4,0,3,5,1,1,2,0,5
615,0,1,17,3,1,4,3,3,4,7,1,5
616,0,1,16,2,0,3,3,2,2,4,0,4
617,0,1,16,2,1,3,2,1,1,2,0,1
618,0,1,16,1,0,3,2,1,4,5,1,5
619,0,1,17,3,1,4,2,1,1,2,0,4
620,0,1,19,4,0,3,3,1,2,3,0,3
621,0,0,17,2,1,3,5,4,5,9,1,3
622,0,1,16,2,0,3,4,1,1,2,0,4
623,0,0,18,2,0,4,4,2,4,6,1,5
624,0,1,17,1,0,2,1,1,2,3,0,3
625,0,1,17,2,0,4,4,1,3,4,0,1
626,0,1,17,2,1,4,5,2,4,6,1,1
627,0,0,18,2,0,2,4,2,4,6,1,4
628,0,1,17,1,0,3,3,1,4,5,1,3
629,0,1,17,3,0,3,3,1,1,2,0,4
630,0,1,17,2,0,2,5,1,2,3,0,5
631,0,1,17,3,1,3,4,1,1,2,0,5
632,0,1,16,2,0,3,1,1,1,2,0,3
633,0,0,18,2,0,3,3,5,5,10,1,4
634,0,1,16,3,0,3,2,1,1,2,0,5
635,0,1,18,2,1,3,3,1,1,2,0,4
636,0,1,17,2,0,3,4,1,3,4,0,3
637,0,0,17,2,0,3,3,1,3,4,0,3
638,0,0,18,2,1,3,2,4,5,9,1,3
639,0,1,17,3,1,2,3,1,2,3,0,3
640,0,1,17,2,1,2,3,1,2,3,0,3
641,0,0,17,2,0,5,2,1,1,2,0,1
642,0,0,17,2,1,5,5,1,3,4,0,2
643,0,0,16,2,0,2,4,2,4,6,1,1
644,0,0,16,2,0,4,2,1,1,2,0,5
645,0,0,16,3,1,3,3,1,3,4,0,2
646,0,0,17,2,1,4,2,5,5,10,1,4
647,0,1,16,1,1,5,2,1,1,2,0,5
648,0,1,16,2,1,3,3,1,2,3,0,5
649,0,1,18,2,0,3,3,1,1,2,0,3
650,0,1,18,2,1,3,1,1,1,2,0,5
651,0,1,18,1,0,1,1,1,1,2,0,3
652,0,0,18,1,1,4,3,2,2,4,0,1
653,0,0,17,1,0,2,1,1,2,3,0,5
654,0,1,17,2,0,4,2,1,1,2,0,3
655,0,1,17,3,1,3,2,1,2,3,0,4
656,0,1,16,1,0,3,5,1,2,3,0,5
657,0,1,17,2,0,1,1,1,1,2,0,3
658,0,1,17,1,0,5,4,1,1,2,0,5
659,0,0,18,2,0,5,4,3,5,8,1,2
660,0,1,17,1,0,1,2,1,1,2,0,1
661,0,1,17,3,0,3,3,1,3,4,0,5
662,0,1,17,2,0,3,2,1,1,2,0,4
663,0,0,17,2,1,5,5,1,4,5,1,5
664,0,0,17,2,0,3,3,2,3,5,1,4
665,0,0,16,1,0,4,5,1,1,2,0,3
666,0,0,16,1,0,3,2,1,2,3,0,5
667,0,1,17,2,1,3,1,1,4,5,1,5
668,0,0,17,3,1,3,3,1,1,2,0,1
669,0,1,17,3,1,2,2,2,3,5,1,5
670,0,1,17,2,1,3,2,1,1,2,0,4
671,0,1,18,3,1,4,4,1,1,2,0,3
672,0,0,16,1,0,3,3,1,1,2,0,4
673,0,1,17,2,0,3,4,1,2,3,0,5
674,0,0,17,1,0,2,2,1,1,2,0,2
675,0,0,22,1,1,4,5,5,5,10,1,1
676,0,0,18,2,1,3,3,1,3,4,0,5
677,0,0,16,1,0,3,2,2,4,6,1,5
678,0,0,18,1,0,4,5,2,4,6,1,5
679,0,0,16,2,0,3,3,1,3,4,0,2
680,0,0,18,1,0,2,5,2,5,7,1,5
681,0,0,16,1,0,3,2,1,3,4,0,3
682,0,0,17,1,0,4,2,2,4,6,1,5
683,0,0,17,1,0,4,4,1,2,3,0,5
684,0,1,18,2,1,3,4,1,3,4,0,5
685,0,1,17,4,0,2,3,1,1,2,0,4
686,0,1,19,2,0,3,3,1,1,2,0,5
687,0,0,18,2,0,4,5,4,4,8,1,5
688,0,1,17,3,0,3,4,1,3,4,0,5
689,0,1,18,3,0,4,3,2,3,5,1,3
690,0,1,18,2,0,2,3,1,1,2,0,5
691,0,0,19,2,0,3,1,1,1,2,0,1
692,0,0,18,2,0,2,4,1,2,3,0,4
693,0,0,17,1,0,2,2,1,1,2,0,4
694,0,1,17,4,1,4,1,1,1,2,0,2
695,0,1,20,2,1,2,3,1,2,3,0,2
696,0,1,18,2,1,1,2,1,3,4,0,2
697,0,0,18,2,0,3,2,1,1,2,0,3
698,0,0,18,3,0,3,2,1,1,2,0,3
699,0,1,17,3,0,2,3,1,1,2,0,4
700,0,1,18,3,1,3,3,1,1,2,0,3
701,0,0,17,1,0,4,4,2,3,5,1,4
702,0,0,18,2,0,2,5,3,4,7,1,1
703,0,0,17,2,1,4,4,3,4,7,1,5
704,0,1,18,2,0,3,4,2,2,4,0,4
705,0,0,18,2,1,4,5,1,3,4,0,5
706,0,1,18,2,1,3,5,1,2,3,0,3
707,0,1,19,2,0,3,5,3,3,6,1,5
708,0,1,18,4,1,5,5,1,3,4,0,2
709,0,1,18,2,0,4,3,1,1,2,0,3
710,0,0,17,2,1,5,2,2,2,4,0,1
711,0,1,18,2,1,2,5,1,2,3,0,1
712,0,1,17,2,1,3,3,1,1,2,0,1
713,0,1,17,2,1,4,4,2,3,5,1,5
714,0,1,18,2,1,1,1,1,1,2,0,5
715,0,0,18,1,0,2,4,1,4,5,1,3
716,0,1,18,2,1,4,4,1,1,2,0,4
717,0,1,17,3,1,2,3,1,1,2,0,1
718,0,1,19,2,0,3,3,4,3,7,1,3
719,0,0,18,1,0,2,3,1,2,3,0,1
720,0,0,18,1,0,4,4,2,4,6,1,4
721,0,0,17,1,1,5,4,2,4,6,1,5
722,0,0,17,1,0,4,4,3,4,7,1,3
723,0,1,18,4,0,2,2,1,1,2,0,3
724,0,1,18,2,0,4,4,1,1,2,0,4
725,0,1,17,2,0,4,5,1,2,3,0,5
726,0,1,18,2,1,3,1,1,1,2,0,5
727,0,0,17,2,0,3,3,1,2,3,0,4
728,0,1,18,3,0,3,3,1,2,3,0,2
729,0,1,17,3,0,3,3,1,1,2,0,3
730,0,0,18,3,0,2,4,1,3,4,0,2
731,0,0,18,2,0,4,3,1,1,2,0,2
732,0,0,18,2,1,3,2,1,4,5,1,5
733,0,1,17,3,0,2,2,1,2,3,0,3
734,0,1,17,4,0,1,2,1,1,2,0,3
735,0,0,18,3,0,4,2,1,1,2,0,4
736,0,0,17,1,0,4,3,1,3,4,0,5
737,0,1,19,2,0,3,4,2,3,5,1,2
738,0,1,18,2,1,4,5,1,2,3,0,2
739,0,1,18,4,0,3,3,1,1,2,0,3
740,0,0,18,1,1,4,2,2,2,4,0,1
741,0,1,18,2,1,2,4,1,1,2,0,4
742,0,0,17,1,0,1,1,2,2,4,0,5
743,0,1,17,3,0,3,4,1,1,2,0,5
744,0,1,17,3,0,3,3,1,1,2,0,3
745,0,1,17,4,0,2,2,1,2,3,0,5
746,0,0,19,3,1,3,1,1,1,2,0,5
747,0,0,20,1,0,5,3,1,1,2,0,5
748,0,0,19,2,1,5,3,1,2,3,0,5
749,0,1,18,2,1,4,4,1,2,3,0,5
750,0,1,18,2,0,3,3,1,2,3,0,1
751,0,1,17,2,1,2,1,1,1,2,0,3
752,0,1,17,1,0,4,4,1,1,2,0,5
753,0,1,18,3,1,3,4,1,1,2,0,5
754,0,1,18,1,0,2,4,1,4,5,1,1
755,0,1,17,3,0,3,4,2,5,7,1,5
756,0,1,18,2,0,1,4,1,1,2,0,3
757,0,0,19,2,1,4,4,1,1,2,0,1
758,0,1,18,2,0,4,4,3,3,6,1,5
759,0,1,18,1,1,4,4,1,1,2,0,1
760,0,1,17,1,0,3,4,1,2,3,0,5
761,0,1,17,2,1,2,2,1,2,3,0,5
762,0,1,17,2,0,3,3,1,1,2,0,5
763,0,1,17,2,0,2,3,2,2,4,0,2
764,0,0,18,1,0,2,5,3,4,7,1,5
765,0,1,19,3,1,5,5,4,3,7,1,5
766,0,1,19,2,1,3,4,1,1,2,0,4
767,0,1,18,1,1,3,5,2,4,6,1,5
768,0,1,17,2,1,2,2,1,1,2,0,3
769,0,1,17,3,0,3,2,2,2,4,0,3
770,0,1,17,3,0,4,3,2,3,5,1,5
771,0,1,17,3,0,3,3,2,3,5,1,2
772,0,1,18,3,0,5,5,1,2,3,0,2
773,0,0,18,3,0,3,3,2,2,4,0,3
774,0,0,17,1,0,3,5,3,5,8,1,5
775,0,0,17,1,0,4,5,5,5,10,1,4
776,0,1,17,3,0,4,4,1,3,4,0,4
777,0,1,17,3,1,3,3,1,2,3,0,4
778,0,1,17,1,0,2,5,2,5,7,1,5
779,0,0,18,4,0,5,5,2,4,6,1,5
780,0,0,19,1,1,3,4,2,2,4,0,5
781,0,1,18,2,1,2,5,1,1,2,0,2
782,0,1,17,3,1,4,3,1,1,2,0,5
783,0,0,18,1,0,4,2,1,2,3,0,5
784,0,1,18,2,0,3,4,1,1,2,0,4
785,0,1,18,2,1,3,3,1,1,2,0,2
786,0,1,18,4,0,4,4,1,1,2,0,4
787,0,1,17,3,0,4,5,1,3,4,0,5
788,0,1,17,2,1,3,2,2,3,5,1,2
789,0,1,18,4,0,3,3,1,1,2,0,1
790,0,1,17,2,0,3,3,2,3,5,1,2
791,0,0,18,2,0,3,3,2,2,4,0,2
792,0,0,18,2,1,3,3,1,3,4,0,5
793,0,1,17,2,1,3,1,1,2,3,0,4
794,0,1,18,3,0,3,3,1,2,3,0,3
795,0,1,18,3,1,4,3,2,3,5,1,1
796,0,0,18,3,1,3,2,1,2,3,0,4
797,0,0,18,3,1,4,5,2,3,5,1,5
798,0,1,17,3,1,4,3,1,3,4,0,4
799,0,1,17,2,1,3,4,2,2,4,0,1
800,0,1,17,2,0,3,5,2,4,6,1,4
801,0,1,19,1,0,2,3,3,4,7,1,5
802,0,1,17,1,1,1,2,1,1,2,0,3
803,0,1,21,3,0,3,2,1,1,2,0,5
804,0,0,18,2,0,4,4,1,3,4,0,3
805,0,0,18,2,1,3,5,1,4,5,1,2
806,0,1,17,2,0,3,4,1,3,4,0,4
807,0,0,17,3,0,4,2,1,2,3,0,4
808,0,1,18,2,0,2,2,1,1,2,0,3
809,0,0,21,2,1,3,3,5,2,7,1,4
810,0,1,20,3,1,2,2,1,3,4,0,3
811,0,1,19,1,1,2,5,4,4,8,1,5
812,0,0,17,2,0,4,4,1,2,3,0,5
813,0,1,18,3,1,3,4,1,2,3,0,2
814,0,0,18,1,0,1,3,4,5,9,1,4
815,0,0,19,1,0,3,4,1,4,5,1,4
816,0,1,18,2,0,1,4,1,3,4,0,4
817,0,1,20,1,1,3,1,1,1,2,0,5
818,0,1,18,2,1,1,2,1,2,3,0,1
819,1,1,16,1,1,3,3,1,3,4,0,5
820,1,1,16,2,0,4,4,1,1,2,0,5
821,1,1,15,1,1,1,3,1,1,2,0,2
822,1,1,15,1,0,4,4,2,3,5,1,5
823,1,1,16,2,0,5,2,1,2,3,0,5
824,1,1,15,1,0,3,4,1,1,2,0,1
825,1,0,16,2,0,3,2,1,3,4,0,2
826,1,0,16,3,0,4,3,1,1,2,0,5
827,1,1,17,2,1,5,4,1,2,3,0,5
828,1,1,17,1,0,4,4,2,2,4,0,5
829,1,1,15,1,1,5,1,3,5,8,1,5
830,1,1,16,4,1,2,1,1,1,2,0,1
831,1,1,15,2,0,4,3,1,2,3,0,4
832,1,1,15,1,1,4,3,1,2,3,0,2
833,1,1,16,1,0,2,3,1,2,3,0,2
834,1,1,17,1,0,5,5,1,3,4,0,3
835,1,1,15,1,0,1,3,1,1,2,0,4
836,1,0,16,2,1,4,5,4,5,9,1,3
837,1,0,17,2,0,4,3,2,4,6,1,5
838,1,0,15,2,0,3,4,1,2,3,0,2
839,1,0,15,2,0,3,4,1,2,3,0,2
840,1,0,16,2,0,4,5,1,2,3,0,5
841,1,0,15,2,1,4,5,2,4,6,1,4
842,1,0,15,2,0,3,3,1,1,2,0,5
843,1,0,17,1,1,5,5,5,5,10,1,3
844,1,1,16,3,1,2,2,1,1,2,0,4
845,1,1,15,1,0,1,2,1,1,2,0,1
846,1,1,16,2,0,5,4,1,2,3,0,1
847,1,0,16,2,0,3,3,1,1,2,0,5
848,1,1,16,2,0,4,5,1,1,2,0,4
849,1,1,16,3,0,3,2,1,2,3,0,4
850,1,1,16,3,0,3,2,1,2,3,0,4
851,1,1,15,2,0,4,2,3,3,6,1,2
852,1,1,16,2,1,4,3,2,1,3,0,2
853,1,0,17,1,0,5,5,5,5,10,1,3
854,1,1,16,4,0,3,2,1,1,2,0,1
855,1,1,16,3,0,4,3,1,1,2,0,5
856,1,1,15,2,0,3,3,1,1,2,0,2
857,1,1,16,1,1,2,2,4,3,7,1,2
858,1,1,15,2,0,2,1,1,2,3,0,2
859,1,1,15,3,0,4,3,2,2,4,0,5
860,1,0,16,1,0,4,4,3,4,7,1,5
861,1,1,18,2,1,4,4,2,3,5,1,5
862,1,0,15,1,0,2,3,1,3,4,0,4
863,1,1,16,2,0,3,4,1,1,2,0,2
864,1,0,15,1,0,3,3,1,2,3,0,4
865,1,0,16,2,1,3,1,1,1,2,0,3
866,1,1,15,2,1,5,4,1,1,2,0,1
867,1,1,16,2,0,4,4,2,3,5,1,5
868,1,1,16,1,1,3,2,1,1,2,0,4
869,1,0,16,1,0,4,3,2,3,5,1,4
870,1,0,15,1,0,2,4,3,5,8,1,3
871,1,1,15,3,0,3,2,1,1,2,0,4
872,1,1,16,1,1,4,3,1,1,2,0,5
873,1,0,15,1,0,3,3,2,4,6,1,3
874,1,1,16,2,0,4,3,1,1,2,0,1
875,1,1,17,1,0,5,3,1,1,2,0,5
876,1,1,19,1,1,4,4,1,1,2,0,2
877,1,1,17,1,1,5,3,1,1,2,0,3
878,1,1,15,1,1,2,1,1,3,4,0,4
879,1,1,16,2,0,4,5,1,2,3,0,1
880,1,1,16,1,0,3,4,1,2,3,0,1
881,1,1,17,2,0,3,5,1,2,3,0,4
882,1,1,16,1,0,4,3,1,4,5,1,3
883,1,1,18,3,1,3,2,1,1,2,0,2
884,1,1,19,3,1,3,1,1,1,2,0,3
885,1,0,18,1,0,4,3,3,4,7,1,4
886,1,1,18,1,1,2,3,1,1,2,0,2
887,1,1,19,2,1,1,4,4,1,5,1,1
888,1,1,16,2,1,3,2,1,1,2,0,3
889,1,1,17,1,0,4,4,3,5,8,1,5
890,1,1,16,2,0,4,5,1,3,4,0,3
891,1,1,16,1,1,5,4,1,1,2,0,4
892,1,1,16,1,1,4,4,2,2,4,0,4
893,1,0,17,4,0,4,5,3,4,7,1,5
894,1,1,16,2,0,3,3,1,1,2,0,1
895,1,1,16,1,1,2,5,1,2,3,0,5
896,1,0,17,1,1,3,5,5,5,10,1,1
897,1,0,16,1,0,2,5,1,5,6,1,5
898,1,0,17,4,0,3,5,3,5,8,1,3
899,1,1,16,4,0,2,1,1,1,2,0,5
900,1,1,19,3,1,4,5,1,1,2,0,1
901,1,1,17,1,1,4,5,1,2,3,0,5
902,1,1,20,2,1,3,4,2,4,6,1,3
903,1,1,17,3,1,3,3,1,1,2,0,3
904,1,0,17,1,0,4,5,1,2,3,0,5
905,1,1,16,2,0,3,2,1,1,2,0,1
906,1,1,17,2,0,3,2,1,1,2,0,1
907,1,1,17,2,1,4,5,1,1,2,0,4
908,1,1,18,2,1,3,2,1,1,2,0,5
909,1,1,16,1,0,1,3,1,3,4,0,1
910,1,1,16,1,0,1,3,1,4,5,1,3
911,1,1,18,2,0,3,5,1,4,5,1,3
912,1,1,16,2,1,3,3,2,3,5,1,2
913,1,1,16,1,0,4,5,1,4,5,1,2
914,1,1,18,2,0,3,2,1,3,4,0,1
915,1,0,16,2,0,2,1,1,1,2,0,2
916,1,1,16,2,0,3,2,1,3,4,0,5
917,1,1,16,2,0,3,3,1,1,2,0,2
918,1,1,16,2,1,3,4,1,2,3,0,3
919,1,0,18,4,1,5,5,5,5,10,1,5
920,1,1,16,2,0,2,1,1,1,2,0,2
921,1,0,17,3,0,4,3,1,2,3,0,5
922,1,1,17,1,1,2,3,1,2,3,0,5
923,1,0,16,3,0,1,3,2,2,4,0,3
924,1,1,17,1,0,1,3,1,2,3,0,5
925,1,1,16,1,0,1,3,1,2,3,0,5
926,1,0,17,1,0,1,4,5,5,10,1,3
927,1,0,17,2,1,1,3,3,3,6,1,1
928,1,0,16,2,1,2,2,1,4,5,1,5
929,1,1,16,2,1,2,2,1,1,2,0,3
930,1,0,16,1,0,1,2,2,5,7,1,5
931,1,0,15,2,0,5,5,1,3,4,0,5
932,1,0,15,4,0,4,5,2,3,5,1,5
933,1,0,15,1,0,3,3,1,2,3,0,5
934,1,1,16,3,1,3,3,2,2,4,0,5
935,1,1,16,2,0,2,4,2,2,4,0,1
936,1,1,17,1,1,3,3,2,2,4,0,1
937,1,1,17,2,0,1,3,1,1,2,0,5
938,1,1,16,3,1,3,5,1,4,5,1,5
939,1,0,17,1,1,3,3,1,3,4,0,5
940,1,0,17,1,1,1,2,3,3,6,1,5
941,1,0,17,2,1,4,4,3,4,7,1,5
942,1,1,17,2,0,2,5,1,1,2,0,5
943,1,0,16,1,0,1,2,2,1,3,0,2
944,1,1,17,2,1,5,5,1,2,3,0,3
945,1,1,17,2,0,3,3,2,3,5,1,5
946,1,0,16,2,1,1,2,2,2,4,0,5
947,1,0,17,2,0,1,2,2,2,4,0,1
948,1,0,19,2,0,4,3,3,4,7,1,4
949,1,0,17,1,1,1,2,1,1,2,0,5
950,1,1,17,1,1,5,5,2,2,4,0,4
951,1,1,16,3,1,3,4,1,1,2,0,3
952,1,0,16,1,0,4,4,2,4,6,1,5
953,1,1,17,2,1,4,4,1,1,2,0,5
954,1,0,17,1,1,5,5,3,5,8,1,5
955,1,0,18,1,0,3,2,1,1,2,0,4
956,1,0,17,1,1,5,5,1,3,4,0,2
957,1,0,18,2,0,3,3,1,4,5,1,5
958,1,1,16,2,1,4,3,1,1,2,0,1
959,1,0,17,1,1,2,1,2,3,5,1,5
960,1,0,16,1,0,5,5,2,3,5,1,5
961,1,0,16,1,0,5,5,2,4,6,1,5
962,1,0,18,1,1,3,3,2,3,5,1,5
963,1,0,18,1,0,3,1,2,2,4,0,5
964,1,0,19,1,0,2,1,1,1,2,0,3
965,1,0,18,2,0,4,5,1,3,4,0,3
966,1,0,16,1,1,4,3,2,4,6,1,4
967,1,0,19,1,1,4,3,1,3,4,0,5
968,1,1,16,2,1,5,5,1,1,2,0,1
969,1,1,17,1,0,3,2,1,2,3,0,5
970,1,0,20,1,1,4,3,2,4,6,1,4
971,1,1,18,1,0,4,4,3,4,7,1,2
972,1,0,18,1,0,5,5,5,5,10,1,5
973,1,0,19,2,0,4,4,3,3,6,1,2
974,1,0,17,2,0,5,4,2,3,5,1,3
975,1,0,18,1,1,3,3,2,3,5,1,3
976,1,0,19,1,0,4,4,3,3,6,1,5
977,1,1,18,2,0,3,3,1,1,2,0,5
978,1,1,19,1,0,4,4,1,1,2,0,5
979,1,1,18,1,1,5,5,1,1,2,0,3
980,1,1,17,1,0,4,3,1,1,2,0,5
981,1,1,17,3,0,2,3,2,2,4,0,3
982,1,1,17,2,0,5,5,1,3,4,0,5
983,1,1,18,2,0,3,3,1,2,3,0,4
984,1,1,17,1,1,2,2,1,1,2,0,5
985,1,1,17,1,0,5,1,1,1,2,0,3
986,1,1,18,2,1,4,4,2,2,4,0,5
987,1,1,18,2,0,3,5,1,1,2,0,1
988,1,1,17,1,0,4,3,1,1,2,0,4
989,1,1,18,2,0,4,3,1,2,3,0,4
990,1,1,18,2,0,3,5,1,2,3,0,1
991,1,0,18,1,0,4,5,1,1,2,0,5
992,1,1,17,2,0,3,3,1,2,3,0,4
993,1,1,18,2,1,3,3,1,1,2,0,4
994,1,0,18,1,0,1,4,5,5,10,1,1
995,1,0,18,1,1,5,5,1,1,2,0,1
996,1,0,17,1,0,2,3,3,4,7,1,4
997,1,1,18,2,1,3,1,1,1,2,0,2
998,1,1,18,3,1,4,5,1,4,5,1,3
999,1,1,18,2,1,3,1,1,1,2,0,5
1000,1,1,18,2,0,4,2,1,2,3,0,2
1001,1,1,19,1,0,5,5,2,3,5,1,2
1002,1,1,17,4,1,2,3,3,1,4,0,5
1003,1,1,17,2,1,3,3,1,2,3,0,2
1004,1,1,18,2,1,2,3,1,2,3,0,3
1005,1,1,18,2,0,1,1,1,1,2,0,4
1006,1,1,19,2,1,5,4,1,4,5,1,1
1007,1,1,18,3,1,2,1,1,1,2,0,4
1008,1,0,17,2,1,5,5,1,3,4,0,2
1009,1,1,18,2,1,3,4,1,1,2,0,5
1010,1,1,17,2,0,3,3,1,2,3,0,5
1011,1,1,17,2,1,2,3,1,2,3,0,5
1012,1,0,18,1,1,3,2,1,2,3,0,3
1013,1,1,18,3,0,3,2,1,1,2,0,4
1014,1,1,18,2,1,3,4,1,4,5,1,5
1015,1,1,18,2,1,3,2,1,3,4,0,3
1016,1,1,17,2,1,3,4,1,1,2,0,1
1017,1,1,17,2,0,2,2,1,2,3,0,3
1018,1,0,18,2,0,3,4,2,4,6,1,3
1019,1,0,18,3,1,2,2,2,2,4,0,5
1020,1,1,17,1,1,2,1,1,2,3,0,1
1021,1,1,18,1,1,2,3,1,2,3,0,4
1022,1,1,18,2,1,2,2,4,2,6,1,5
1023,1,0,18,1,1,3,3,2,3,5,1,3
1024,1,1,17,3,1,4,3,1,1,2,0,3
1025,1,1,17,1,0,5,5,1,3,4,0,1
1026,1,1,18,3,0,4,4,1,1,2,0,1
1027,1,1,18,3,0,3,2,1,2,3,0,4
1028,1,1,19,2,1,3,3,1,1,2,0,3
1029,1,1,18,2,0,4,3,3,4,7,1,2
1030,1,1,18,2,1,1,3,1,2,3,0,1
1031,1,1,17,2,0,5,4,2,3,5,1,1
1032,1,0,18,2,0,2,4,1,4,5,1,2
1033,1,0,18,1,1,4,3,1,3,4,0,5
1034,1,0,17,2,0,4,3,1,1,2,0,3
1035,1,0,19,1,0,3,2,1,3,4,0,5
1036,1,0,18,1,0,4,3,4,3,7,1,3
1037,1,1,18,3,0,3,3,1,3,4,0,4
1038,1,1,17,2,0,5,4,1,1,2,0,1
1039,1,1,18,1,1,4,3,2,2,4,0,5
1040,1,1,19,3,0,4,2,1,2,3,0,5
1041,1,1,18,2,0,3,4,1,1,2,0,1
1042,1,1,18,2,0,1,1,1,1,2,0,5
1043,1,0,17,1,0,4,5,3,4,7,1,2
1044,1,0,18,1,0,4,1,3,4,7,1,5
