id,school,gender,age,home address,parents cohabitation,moms education,dads education,moms job,dads job,choice reason,guardian,travel time,nursery education,internet access,higher education,significant other,household size,family relationship,free time,social activities,study time,first periods grade,second periods grade,third periods grade,failures,absences,health,weekday drinking,weekend drinking,heavy drinking
1,0,1,18,1,0,4,4,0,2,0,0,2,1,0,1,0,1,4,3,4,2,5,6,6,0,6,3,1,1,0
2,0,1,17,1,1,1,1,0,4,0,1,1,0,1,1,0,1,5,3,3,2,5,5,6,0,4,3,1,1,0
3,0,1,15,1,1,1,1,0,4,4,0,1,1,1,1,0,0,4,3,2,2,7,8,10,3,10,3,2,3,1
4,0,1,15,1,1,4,2,1,3,1,0,1,1,1,1,1,1,3,2,2,3,15,14,15,0,2,5,1,1,0
5,0,1,16,1,1,3,3,4,4,1,1,1,1,0,1,0,1,4,3,2,2,6,10,10,0,4,5,1,2,0
6,0,0,16,1,1,4,3,3,4,3,0,1,1,1,1,0,0,5,4,2,2,15,15,15,0,10,5,1,2,0
7,0,0,16,1,1,2,2,4,4,1,0,1,1,1,1,0,0,4,4,4,2,12,12,11,0,0,3,1,1,0
8,0,1,17,1,0,4,4,4,2,1,0,2,1,0,1,0,1,4,1,4,2,6,5,6,0,6,1,1,1,0
9,0,0,15,1,0,3,2,3,4,1,0,1,1,1,1,0,0,4,2,2,2,16,18,19,0,0,1,1,1,0
10,0,0,15,1,1,3,4,4,4,1,0,1,1,1,1,0,1,5,5,1,2,14,15,15,0,0,5,1,1,0
11,0,1,15,1,1,4,4,2,1,3,0,1,1,1,1,0,1,3,3,3,2,10,8,9,0,0,2,1,2,0
12,0,1,15,1,1,2,1,3,4,3,1,3,1,1,1,0,1,5,2,2,3,10,12,12,0,4,4,1,1,0
13,0,0,15,1,1,4,4,1,3,0,1,1,1,1,1,0,0,4,3,3,1,14,14,14,0,2,5,1,3,1
14,0,0,15,1,1,4,3,2,4,0,0,2,1,1,1,0,1,5,4,3,2,10,10,11,0,2,3,1,2,0
15,0,0,15,1,0,2,2,4,4,1,4,1,1,1,1,1,1,4,5,2,3,14,16,16,0,0,3,1,1,0
16,0,1,16,1,1,4,4,1,4,1,0,1,1,1,1,0,1,4,4,4,1,14,14,14,0,4,2,1,2,0
17,0,1,16,1,1,4,4,3,3,3,0,1,1,1,1,0,1,3,2,3,3,13,14,14,0,6,2,1,2,0
18,0,1,16,1,1,3,3,4,4,3,0,3,1,0,1,0,1,5,3,2,2,8,10,10,0,4,4,1,1,0
19,0,0,17,1,1,3,2,3,3,0,0,1,1,1,1,0,1,5,5,5,1,6,5,5,3,16,5,2,4,1
20,0,0,16,1,1,4,3,1,4,1,1,1,1,1,1,0,0,3,1,3,1,8,10,10,0,4,5,1,3,1
21,0,0,15,1,1,4,3,2,4,3,0,1,1,1,1,0,1,4,4,1,2,13,14,15,0,0,1,1,1,0
22,0,0,15,1,1,4,4,1,1,4,1,1,1,1,1,0,1,5,4,2,1,12,15,15,0,0,5,1,1,0
23,0,0,16,1,1,4,2,2,4,0,0,1,1,1,1,0,0,4,5,1,2,15,15,16,0,2,5,1,3,1
24,0,0,16,1,1,2,2,4,4,3,0,2,1,1,1,0,0,5,4,4,2,13,13,12,0,0,5,2,4,1
25,0,1,15,0,1,2,4,3,1,0,0,1,1,1,1,0,1,4,3,2,3,10,9,8,0,2,5,1,1,0
26,0,1,16,1,1,2,2,3,3,1,0,1,0,1,1,0,1,1,2,2,1,6,9,8,2,14,5,1,3,1
27,0,0,15,1,1,2,2,4,4,1,0,1,1,1,1,0,1,4,2,2,1,12,12,11,0,2,5,1,2,0
28,0,0,15,1,1,4,2,1,3,4,0,1,1,1,1,0,1,2,2,4,1,15,16,15,0,4,1,2,4,1
29,0,0,16,1,0,3,4,3,4,1,0,1,1,1,1,0,0,5,3,3,2,11,11,11,0,4,5,1,1,0
30,0,0,16,1,1,4,4,2,2,1,0,1,1,1,1,1,1,4,4,5,2,10,12,11,0,16,5,5,5,1
31,0,0,15,1,1,4,4,1,3,1,0,1,0,1,1,0,1,5,4,2,2,9,11,12,0,0,5,3,4,1
32,0,0,15,1,1,4,4,3,3,3,0,2,1,1,1,0,1,4,3,1,2,17,16,17,0,0,5,1,1,0
33,0,0,15,0,1,4,3,2,0,0,0,1,1,1,1,1,1,4,5,2,2,17,16,16,0,0,5,1,1,0
34,0,0,15,1,1,3,3,4,4,0,0,1,0,1,1,0,0,5,3,2,2,8,10,12,0,0,2,1,1,0
35,0,0,16,1,1,3,2,4,4,1,0,1,0,1,1,0,1,5,4,3,1,12,14,15,0,0,5,1,1,0
36,0,1,15,1,1,2,3,4,4,4,1,2,1,0,1,0,1,3,5,1,1,8,7,6,0,0,5,1,1,0
37,0,0,15,1,1,4,3,2,3,1,0,1,1,1,1,0,0,5,4,3,3,15,16,18,0,2,4,1,1,0
38,0,0,16,0,0,4,4,4,2,3,0,2,1,1,1,1,1,2,4,3,3,15,16,15,0,7,5,1,1,0
39,0,1,15,0,1,3,4,3,1,0,0,1,1,1,1,0,1,4,3,2,3,12,12,11,0,2,5,1,1,0
40,0,1,15,0,1,2,2,0,4,3,0,1,1,0,1,0,1,4,3,1,1,14,13,13,0,8,2,1,1,0
41,0,1,16,1,1,2,2,4,4,1,0,2,0,1,1,1,0,3,3,3,2,7,10,11,1,25,3,1,2,0
42,0,0,15,1,1,4,4,2,4,1,4,1,0,1,1,1,0,5,4,3,1,12,12,12,0,8,5,2,4,1
43,0,0,15,1,1,4,4,3,2,0,1,1,1,1,1,0,1,4,3,3,2,19,18,18,0,2,5,1,1,0
44,0,0,15,1,1,2,2,3,3,0,1,1,1,1,1,0,1,5,4,1,1,8,8,11,0,0,1,1,1,0
45,0,1,16,1,1,2,2,4,0,0,1,2,1,1,1,0,0,4,3,3,2,10,10,9,1,14,5,2,2,1
46,0,1,15,1,0,4,3,4,4,0,0,1,1,1,1,1,0,5,2,2,2,8,8,6,0,8,5,1,1,0
47,0,1,16,1,0,3,3,4,3,1,0,1,1,1,1,0,0,2,3,5,2,11,12,11,0,12,3,1,4,1
48,0,0,16,1,1,4,3,1,3,3,0,1,1,1,1,0,1,4,2,2,4,19,19,20,0,4,2,1,1,0
49,0,0,15,1,1,4,2,2,4,1,0,1,1,0,1,0,1,4,3,3,2,15,15,14,0,2,5,2,2,1
50,0,1,15,1,1,4,4,3,2,4,1,1,0,1,1,0,1,4,4,4,2,7,7,7,1,2,3,1,1,0
51,0,1,16,1,1,2,2,3,3,0,0,3,1,1,1,0,0,4,3,3,2,12,13,13,0,2,4,2,3,1
52,0,1,15,1,1,4,2,1,4,4,0,1,1,1,1,0,0,4,3,3,2,11,13,13,0,2,5,1,1,0
53,0,0,15,1,0,4,2,1,1,4,1,2,1,0,1,0,0,5,5,5,1,11,11,10,1,6,5,3,4,1
54,0,1,15,1,1,4,4,3,3,0,0,1,1,1,1,0,1,3,3,4,1,8,10,11,0,0,5,2,3,1
55,0,1,15,1,0,3,3,4,4,4,0,1,1,1,1,0,0,5,3,4,1,10,13,13,0,6,1,4,4,1
56,0,1,16,1,0,2,1,4,4,4,0,1,1,1,1,1,1,5,3,4,2,8,9,10,0,8,2,1,1,0
57,0,1,15,1,0,4,3,3,3,3,0,1,1,1,1,0,1,4,3,2,2,14,15,15,0,0,1,1,1,0
58,0,0,15,1,1,4,4,2,1,3,0,1,1,0,1,0,1,3,2,2,2,14,15,15,0,4,5,1,1,0
59,0,0,15,1,1,1,2,4,0,1,1,1,1,1,1,0,0,4,3,2,2,9,10,9,0,2,5,1,1,0
60,0,1,16,1,1,4,2,3,4,0,0,1,1,1,1,0,1,4,2,3,2,15,16,16,0,2,5,1,1,0
61,0,1,16,0,1,4,4,1,2,4,0,1,1,0,1,0,1,2,4,4,2,10,11,11,0,6,4,2,3,1
62,0,1,16,1,1,1,1,3,3,0,1,4,0,1,1,1,1,5,5,5,1,10,8,11,0,6,5,5,5,1
63,0,1,16,1,1,1,2,4,3,3,1,1,1,1,1,0,0,4,4,3,2,8,10,9,0,4,1,1,1,0
64,0,1,16,1,1,4,3,2,1,1,0,1,1,1,1,0,1,3,4,4,3,10,9,9,0,2,4,2,4,1
65,0,1,15,1,1,4,3,3,3,3,1,1,1,1,1,1,0,4,4,4,2,10,10,10,0,0,2,2,4,1
66,0,1,16,1,1,4,3,2,3,0,0,3,1,1,1,0,0,5,4,3,2,16,15,15,0,2,1,1,2,0
67,0,0,15,1,0,4,4,4,3,3,0,1,0,1,1,1,1,1,3,3,4,13,13,12,0,4,3,5,5,1
68,0,1,16,1,1,3,1,3,4,0,0,1,1,1,1,0,1,4,3,3,4,7,7,6,0,4,5,1,2,0
69,0,1,15,0,1,2,2,1,3,3,0,2,1,1,1,0,0,4,1,3,2,8,9,8,0,2,4,1,3,1
70,0,1,15,0,1,3,1,4,4,3,1,2,0,1,1,0,0,4,4,2,4,16,16,16,0,12,3,2,3,1
71,0,0,16,1,1,3,1,4,4,3,1,2,1,1,1,0,1,4,3,2,4,13,15,15,0,0,5,1,1,0
72,0,0,15,1,1,4,2,4,4,0,0,1,1,1,1,0,1,3,3,3,4,10,10,10,0,0,3,1,1,0
73,0,1,15,0,1,1,1,4,4,3,0,1,0,1,1,1,1,3,3,4,2,8,6,5,2,2,5,2,4,1
74,0,0,16,1,1,3,1,4,4,3,0,1,1,0,1,0,1,5,3,2,1,12,12,14,0,2,5,2,2,1
75,0,1,16,1,1,3,3,4,3,1,0,1,1,1,1,0,1,4,3,3,2,11,12,11,0,54,5,2,4,1
76,0,0,15,1,1,4,3,2,4,1,0,1,1,1,1,0,1,4,3,3,2,9,9,10,0,6,5,2,3,1
77,0,0,15,1,1,4,0,2,4,0,0,2,1,1,1,0,1,3,4,3,4,11,11,10,0,8,1,1,1,0
78,0,1,16,1,1,2,2,4,4,3,0,1,1,1,1,1,1,5,2,3,4,11,11,11,0,0,3,1,3,1
79,0,0,17,1,1,2,1,4,4,1,0,2,1,1,0,0,1,4,5,1,1,8,8,10,3,2,3,1,1,0
80,0,1,16,1,1,3,4,0,4,0,0,1,1,1,1,0,1,2,4,3,2,5,5,5,0,12,3,1,2,0
81,0,0,15,1,1,2,3,4,3,0,1,1,0,1,1,1,1,3,2,2,1,10,12,12,0,2,3,1,3,1
82,0,0,15,1,1,2,3,4,4,1,0,1,0,1,1,0,1,5,3,2,3,11,10,11,0,4,5,1,2,0
83,0,1,15,1,1,3,2,3,4,3,0,1,1,1,1,0,0,4,4,4,2,7,6,6,0,10,5,1,1,0
84,0,0,15,1,1,2,2,3,3,1,0,2,1,1,1,0,0,5,3,3,2,15,15,15,0,4,4,1,3,1
85,0,1,15,1,1,1,1,4,4,1,1,1,0,1,1,0,1,4,3,2,2,9,10,10,0,2,4,2,3,1
86,0,1,15,1,1,4,4,3,3,3,1,2,1,1,1,1,1,4,4,4,2,7,9,8,2,6,5,2,3,1
87,0,1,16,1,1,2,2,0,4,0,0,1,1,0,1,0,0,4,3,4,2,8,7,6,0,4,2,1,2,0
88,0,1,15,1,1,4,2,4,4,3,0,1,1,1,1,0,1,5,3,3,3,13,14,14,0,4,1,1,3,1
89,0,0,16,1,1,2,2,3,4,3,1,2,0,1,1,0,1,4,4,2,2,11,10,10,1,12,3,1,1,0
90,0,0,16,1,0,4,4,2,1,3,0,1,1,0,1,0,0,4,1,3,2,8,6,7,0,18,5,3,5,1
91,0,1,16,1,1,3,3,4,4,1,0,1,1,1,1,1,1,4,3,3,3,7,7,8,0,0,4,1,3,1
92,0,1,15,1,1,4,3,3,4,3,0,1,1,1,1,0,1,4,5,5,1,16,17,18,0,4,1,1,3,1
93,0,1,16,1,1,3,1,4,4,1,1,1,1,0,1,0,0,3,3,3,2,7,6,6,0,4,2,2,3,1
94,0,1,16,1,1,4,2,2,3,1,0,2,1,1,1,0,1,5,3,3,2,11,10,10,0,0,1,1,1,0
95,0,0,15,1,1,2,2,3,1,3,0,1,1,1,1,0,0,4,3,4,4,11,13,14,0,6,4,1,1,0
96,0,1,15,0,1,1,1,0,4,1,0,2,1,1,1,0,1,3,1,2,4,7,10,10,1,2,1,1,1,0
97,0,0,16,0,1,4,3,3,4,3,0,2,0,1,1,0,1,3,3,3,1,11,15,15,0,2,4,1,1,0
98,0,1,16,1,1,2,1,4,4,0,0,1,1,0,1,1,1,4,3,5,2,8,9,10,0,2,5,1,1,0
99,0,1,16,1,1,4,4,4,4,3,0,1,0,1,1,0,1,5,3,4,1,11,14,14,0,6,1,1,2,0
100,0,1,16,1,1,4,3,4,0,0,0,1,1,1,1,0,1,5,3,5,3,7,9,8,0,0,3,1,1,0
101,0,0,16,1,1,4,4,3,3,4,0,1,1,1,1,0,1,4,5,5,1,7,7,5,0,14,4,5,5,1
102,0,0,16,1,1,4,4,3,2,4,1,1,1,1,1,1,1,4,4,3,3,16,17,17,0,0,4,1,1,0
103,0,0,15,1,1,4,4,3,4,0,0,1,0,1,1,0,1,5,3,3,1,10,13,14,0,4,5,1,1,0
104,0,1,15,1,1,3,2,3,4,1,0,2,1,1,1,0,1,4,3,5,2,7,6,6,0,26,2,1,1,0
105,0,0,15,1,0,3,4,3,4,0,0,1,1,1,1,0,1,5,4,4,2,16,18,18,0,0,1,1,1,0
106,0,1,15,1,0,3,3,4,1,3,1,1,1,0,1,0,1,4,3,3,4,10,11,11,0,10,4,1,1,0
107,0,1,15,1,1,2,2,4,4,0,0,1,1,1,1,0,1,5,1,2,4,7,8,8,0,8,3,1,1,0
108,0,0,16,1,1,3,3,3,4,1,1,1,1,1,1,0,1,5,3,3,3,16,18,18,0,2,5,1,1,0
109,0,0,15,0,1,4,4,4,4,1,1,4,1,1,1,1,1,1,3,5,4,10,13,13,0,6,1,3,5,1
110,0,1,16,1,1,4,4,1,1,4,0,1,1,1,1,1,0,5,4,5,3,14,15,16,0,4,4,1,1,0
111,0,0,15,1,0,4,4,2,2,0,0,1,1,1,1,0,0,5,5,3,1,18,19,19,0,6,4,1,1,0
112,0,1,16,0,1,3,3,3,4,3,1,1,1,1,1,0,1,4,1,2,3,7,10,10,1,0,2,1,1,0
113,0,1,16,1,1,2,2,0,4,1,0,1,1,1,1,0,1,3,1,2,2,10,13,13,1,6,5,1,1,0
114,0,0,15,1,1,4,2,2,4,0,0,1,1,1,1,0,0,3,5,2,1,18,19,19,0,10,3,1,1,0
115,0,0,15,0,1,2,1,1,3,3,0,1,1,1,1,1,1,5,4,2,2,9,9,9,0,8,5,1,1,0
116,0,0,16,1,1,4,4,2,2,0,1,1,1,1,1,0,1,5,4,4,2,15,15,16,0,2,5,1,2,0
117,0,0,15,1,1,4,4,4,2,3,1,2,1,0,1,0,1,4,4,3,2,11,13,14,0,2,2,1,1,0
118,0,0,16,1,1,3,3,4,3,1,1,2,1,1,1,0,1,5,4,2,1,13,14,13,0,0,5,1,1,0
119,0,0,17,0,1,1,3,4,4,0,1,3,1,1,1,0,1,5,2,4,2,9,7,8,1,20,5,1,4,1
120,0,0,15,1,1,3,4,4,4,3,1,1,1,1,1,0,1,3,4,3,1,14,13,13,0,6,4,1,2,0
121,0,1,15,1,1,1,2,0,3,0,0,1,0,1,1,0,1,3,2,3,2,16,15,15,0,2,1,1,2,0
122,0,0,15,1,1,2,2,3,3,1,1,1,1,1,1,0,1,5,5,4,4,16,14,15,0,6,5,1,2,0
123,0,1,16,1,1,2,4,4,1,0,1,2,1,1,1,1,0,4,2,2,2,13,13,13,0,2,5,1,2,0
124,0,0,16,1,1,4,4,1,4,0,0,1,1,1,1,0,1,3,4,4,1,14,11,13,0,18,5,1,4,1
125,0,1,16,1,1,2,2,4,4,1,0,1,1,1,1,1,1,5,4,4,2,8,7,8,0,0,5,1,1,0
126,0,0,15,1,1,3,4,3,3,1,1,1,1,1,1,0,1,5,5,5,1,13,13,12,0,0,5,3,2,1
127,0,1,15,1,0,3,4,4,4,1,0,1,1,1,1,1,0,5,3,2,2,7,10,11,0,0,1,1,1,0
128,0,1,19,1,1,0,1,0,4,0,4,1,0,0,0,0,1,3,4,2,2,7,8,9,3,2,5,1,1,0
129,0,0,18,0,1,2,2,3,4,3,0,1,1,1,1,0,1,3,3,3,1,7,4,0,2,0,4,1,2,0
130,0,0,16,0,1,4,4,2,2,0,0,1,1,1,1,0,1,3,5,5,1,18,18,18,0,8,4,2,5,1
131,0,1,15,0,1,3,4,3,2,0,1,2,1,1,1,1,1,4,2,2,3,12,0,0,2,0,5,2,2,1
132,0,1,15,1,1,1,1,0,4,0,0,3,0,1,1,1,1,4,3,3,1,8,0,0,0,0,4,1,2,0
133,0,1,17,1,1,2,2,4,4,0,1,1,1,1,1,1,0,3,4,4,1,10,13,12,0,12,5,1,3,1
134,0,1,16,1,0,3,4,3,4,0,1,1,1,1,1,0,1,3,2,1,1,12,11,11,0,16,5,1,4,1
135,0,0,15,0,1,3,4,0,2,0,0,4,1,0,1,1,1,5,3,3,2,9,0,0,0,0,5,1,1,0
136,0,1,15,1,1,4,4,3,0,0,0,1,1,1,1,1,1,4,3,3,3,11,0,0,0,0,5,1,1,0
137,0,0,17,0,1,3,4,0,4,0,0,3,1,0,1,0,1,5,4,5,2,10,0,0,0,0,5,2,4,1
138,0,1,16,1,0,3,3,4,4,0,4,2,0,1,1,1,1,4,3,2,1,4,0,0,2,0,5,1,1,0
139,0,0,16,1,1,1,1,3,4,0,0,1,1,0,1,1,0,4,4,4,2,14,12,12,1,0,5,1,3,1
140,0,1,15,1,1,4,4,2,2,0,0,2,1,1,1,0,1,4,3,2,1,16,16,15,0,0,5,1,1,0
141,0,0,15,1,1,4,3,2,3,0,1,2,1,1,1,0,1,2,2,2,4,7,9,0,0,0,3,1,1,0
142,0,0,16,1,1,2,2,3,3,3,1,2,1,1,1,0,0,2,3,3,1,9,9,9,2,8,2,2,2,1
143,0,1,15,1,1,4,4,2,3,0,0,1,1,1,1,0,1,4,2,2,3,9,11,11,0,2,5,1,1,0
144,0,1,16,1,1,1,1,0,0,0,0,1,1,1,1,0,0,3,4,4,1,14,14,13,0,2,1,3,3,1
145,0,0,17,1,1,2,1,4,4,1,0,1,1,1,1,0,1,5,4,5,1,5,0,0,3,0,5,1,2,0
146,0,1,15,1,1,1,1,4,3,0,1,1,1,1,1,0,1,4,4,2,2,8,11,11,0,0,5,1,2,0
147,0,1,15,1,1,3,2,1,3,1,1,1,1,1,1,0,1,3,3,2,2,6,7,0,3,0,3,1,1,0
148,0,1,15,1,1,1,2,0,4,0,0,1,0,1,1,0,1,4,3,2,2,10,11,11,0,2,5,1,1,0
149,0,0,16,1,1,4,4,2,2,0,0,1,1,1,0,1,1,3,3,2,1,7,6,0,0,0,5,2,1,0
150,0,0,15,1,0,2,1,3,4,0,0,4,1,1,1,0,0,4,5,5,1,8,9,10,3,0,5,2,5,1
151,0,0,18,1,1,1,1,4,4,0,0,1,1,1,0,1,0,2,3,5,1,6,5,0,3,0,4,2,5,1
152,0,0,16,1,1,2,1,0,4,0,0,1,1,0,1,1,0,4,4,4,1,12,13,14,1,6,5,3,5,1
153,0,1,15,0,1,3,3,3,3,3,4,2,1,1,1,1,1,4,2,1,3,10,10,10,2,8,3,2,3,1
154,0,0,19,1,1,3,2,3,0,1,0,1,1,1,0,1,1,4,5,4,1,5,0,0,3,0,4,1,1,0
155,0,1,17,1,1,4,4,4,2,0,0,1,1,0,1,1,1,4,2,1,1,11,11,12,0,0,4,1,1,0
156,0,0,15,0,1,2,3,0,3,0,0,1,1,0,1,0,1,4,4,4,2,11,8,8,0,2,1,1,1,0
157,0,0,17,0,1,1,2,4,4,3,0,1,1,0,1,0,0,2,2,2,1,16,12,13,0,8,5,3,3,1
158,0,1,18,0,1,1,1,0,4,0,0,3,0,0,1,0,1,5,2,5,1,9,8,10,3,6,4,1,5,1
159,0,0,16,0,1,2,2,0,4,0,0,3,0,0,1,0,1,4,2,2,1,17,15,15,0,2,3,1,2,0
160,0,0,16,1,1,3,3,4,3,0,1,1,1,1,1,1,1,4,5,5,2,10,12,12,1,4,5,4,4,1
161,0,0,17,0,1,2,1,0,4,0,0,2,1,1,0,1,0,3,3,2,1,7,6,0,2,0,5,2,2,1
162,0,0,15,0,1,3,2,4,4,0,0,2,1,1,1,1,1,4,4,4,2,5,9,7,2,6,3,1,4,1
163,0,0,16,1,1,1,2,4,4,0,0,2,1,0,1,0,0,4,4,4,1,7,0,0,1,0,5,2,4,1
164,0,0,17,1,1,1,3,0,3,0,1,1,1,1,0,0,1,5,3,3,1,10,10,10,0,2,2,1,4,1
165,0,0,17,0,1,1,1,4,3,0,0,4,1,0,0,1,0,5,3,5,2,5,8,7,3,0,5,1,5,1
166,0,0,16,1,1,3,2,3,3,0,0,2,0,0,0,0,1,4,5,2,1,12,11,12,1,16,2,1,1,0
167,0,0,16,1,1,2,2,4,4,0,1,1,1,1,0,0,1,4,3,5,2,10,10,10,0,4,4,2,4,1
168,0,1,16,1,1,4,2,1,3,1,1,1,1,1,1,1,1,4,2,3,2,14,15,16,0,0,3,1,1,0
169,0,1,16,1,1,2,2,4,4,1,0,1,0,1,1,0,1,5,1,5,2,6,7,0,0,0,4,1,1,0
170,0,1,16,1,1,4,4,1,1,3,0,1,1,1,1,1,1,4,4,2,2,14,14,14,0,0,3,1,1,0
171,0,0,16,1,1,3,4,4,4,0,1,3,0,1,1,0,1,3,4,5,1,6,5,0,2,0,2,2,4,1
172,0,0,16,1,1,1,0,4,4,3,0,2,1,1,1,1,1,4,3,2,2,13,15,16,0,2,3,1,1,0
173,0,0,17,1,1,4,4,2,4,3,0,1,1,1,1,0,0,4,4,4,2,13,11,10,0,0,5,1,3,1
174,0,1,16,1,1,1,3,0,3,1,0,1,0,1,1,1,1,4,3,5,2,8,7,0,3,0,3,1,1,0
175,0,1,16,1,1,3,3,4,4,3,0,2,1,1,1,0,0,4,4,5,2,10,11,9,0,4,4,1,1,0
176,0,0,17,1,1,4,3,2,4,0,0,2,1,1,1,0,0,4,4,4,2,10,9,9,0,4,4,4,4,1
177,0,1,16,1,1,2,2,3,4,3,0,2,0,1,1,0,1,3,4,4,2,13,13,11,0,2,5,1,4,1
178,0,0,17,1,1,3,3,4,4,3,1,1,0,1,1,0,1,4,3,4,2,6,5,6,0,4,4,1,4,1
179,0,0,16,0,1,4,2,2,3,4,0,1,1,1,1,1,1,4,3,3,1,10,8,9,0,10,3,3,4,1
180,0,0,17,1,1,4,3,4,4,0,0,1,1,1,1,1,1,5,2,3,2,10,10,11,0,4,2,1,1,0
181,0,0,16,1,1,4,3,2,4,1,0,1,1,1,1,0,1,3,4,3,2,9,8,8,0,10,3,2,3,1
182,0,0,16,1,1,3,3,3,4,1,0,1,1,1,1,1,1,4,2,3,2,12,13,12,0,2,3,1,2,0
183,0,1,17,1,1,2,4,3,3,3,1,1,1,0,1,0,1,5,4,2,2,16,17,17,0,0,5,2,3,1
184,0,1,17,1,1,3,3,4,4,3,0,1,1,1,1,1,0,5,3,3,2,9,9,8,0,56,1,2,3,1
185,0,1,16,1,1,3,2,4,4,3,0,1,1,1,1,0,1,1,2,2,2,12,13,12,0,14,1,1,2,0
186,0,0,17,1,1,3,3,3,3,4,0,1,1,1,1,1,1,4,3,4,2,12,12,11,0,12,4,2,3,1
187,0,0,16,1,1,1,2,3,3,4,0,1,1,1,1,1,1,3,3,3,1,11,12,11,0,2,3,1,2,0
188,0,0,16,1,1,2,1,4,4,0,0,1,1,1,1,1,0,4,2,3,2,15,15,15,0,0,5,1,2,0
189,0,1,17,1,0,3,3,1,4,3,0,1,0,1,1,1,1,3,3,3,2,8,7,9,0,6,3,1,3,1
190,0,0,17,0,1,1,2,0,4,1,0,1,1,0,1,0,1,3,1,3,2,8,9,10,0,4,3,1,5,1
191,0,1,16,1,1,2,3,3,3,0,0,1,1,1,1,0,1,4,3,3,2,11,12,13,0,10,2,1,1,0
192,0,1,17,1,1,1,1,0,3,0,0,1,1,1,1,0,1,5,3,3,2,8,8,9,0,0,3,1,1,0
193,0,0,17,1,1,1,2,0,3,4,4,2,0,1,1,0,1,4,4,4,2,7,8,8,0,12,5,4,5,1
194,0,0,16,0,1,3,3,3,3,3,0,1,1,1,1,0,1,4,3,2,1,8,9,10,0,8,5,3,4,1
195,0,0,16,1,1,2,3,4,4,1,1,2,1,1,1,0,1,5,3,3,1,13,14,14,0,0,3,1,1,0
196,0,1,17,1,1,2,4,3,3,0,1,1,1,1,1,1,0,4,3,2,2,14,15,15,0,0,5,1,1,0
197,0,0,17,1,1,4,4,3,2,1,0,1,1,1,1,0,1,5,2,3,1,17,15,16,0,4,5,1,2,0
198,0,0,16,0,1,3,3,2,4,1,1,3,1,1,1,0,0,3,3,4,1,9,9,10,0,8,3,3,5,1
199,0,1,17,1,1,4,4,3,2,1,0,2,1,1,1,0,1,4,2,4,1,18,18,18,1,24,2,2,3,1
200,0,1,16,1,1,4,4,2,2,3,0,1,1,1,1,0,0,4,5,2,2,9,9,10,0,0,3,1,2,0
201,0,1,16,1,1,4,3,1,4,1,0,1,1,1,1,0,1,4,3,5,2,16,16,16,0,2,2,1,5,1
202,0,1,16,1,1,2,3,4,4,3,0,1,1,0,1,0,1,4,4,3,2,8,10,10,0,6,4,1,3,1
203,0,1,17,1,1,1,1,4,4,0,0,1,0,0,1,0,1,4,4,4,2,9,9,10,0,4,1,1,3,1
204,0,1,17,0,1,2,2,4,4,3,0,1,1,1,1,0,1,5,3,2,1,7,6,6,0,18,3,1,2,0
205,0,1,16,0,1,2,2,3,3,3,0,2,0,1,1,0,1,5,3,5,4,10,10,11,0,6,5,1,1,0
206,0,1,17,1,1,3,4,0,3,1,0,1,1,1,1,1,1,4,4,3,3,10,9,9,1,28,5,3,4,1
207,0,1,16,1,0,3,1,3,4,0,0,1,1,1,1,0,1,2,3,3,2,7,7,7,3,5,4,2,2,1
208,0,1,16,1,1,4,3,2,4,4,0,1,1,1,1,1,1,1,3,2,2,11,12,13,0,10,1,1,1,0
209,0,1,16,1,1,1,1,0,4,1,0,2,1,0,1,0,1,4,3,2,1,9,9,10,0,6,5,1,4,1
210,0,1,17,0,1,4,3,2,4,3,0,2,1,1,1,1,1,4,4,2,3,7,7,7,0,6,4,1,1,0
211,0,1,19,1,1,3,3,4,4,3,4,1,1,1,1,0,1,4,3,3,4,8,8,8,0,10,3,1,2,0
212,0,0,17,1,1,4,4,3,4,1,0,1,1,1,1,1,0,5,3,5,2,12,12,13,0,13,3,4,5,1
213,0,1,16,1,0,2,2,4,4,3,0,1,1,1,1,0,1,3,3,4,2,12,13,14,0,0,4,1,1,0
214,0,0,18,1,1,2,2,3,4,1,0,1,1,1,1,0,1,4,4,4,2,6,7,8,1,15,5,2,4,1
215,0,1,17,0,1,4,4,3,4,4,0,1,1,0,1,0,0,5,2,1,1,8,10,10,0,12,3,1,2,0
216,0,1,17,1,1,3,2,4,4,3,0,2,1,1,1,0,0,4,4,4,2,14,15,15,0,2,1,1,3,1
217,0,1,17,1,1,4,3,4,4,3,0,1,1,1,1,1,1,3,4,5,2,6,6,4,2,22,1,2,4,1
218,0,0,18,1,1,3,3,3,1,1,1,1,1,1,1,0,0,3,2,4,2,6,6,8,1,13,4,2,4,1
219,0,1,17,1,1,2,3,0,4,1,1,2,1,0,1,0,1,3,3,3,1,7,7,8,0,3,3,1,4,1
220,0,1,17,1,1,2,2,0,0,0,0,1,1,1,1,0,1,4,3,3,3,9,10,10,0,4,4,1,1,0
221,0,1,17,0,1,2,1,0,3,3,0,2,1,1,1,0,1,4,2,5,2,6,6,6,0,2,5,1,2,0
222,0,1,17,1,1,1,1,0,4,3,0,1,1,0,1,1,1,4,3,4,3,6,5,0,1,0,5,1,1,0
223,0,1,16,1,1,2,3,3,2,4,0,1,1,1,1,0,1,2,3,1,2,16,16,17,0,2,3,1,1,0
224,0,0,18,1,1,2,2,4,4,1,0,2,1,1,1,0,1,3,3,3,2,12,13,13,0,0,4,5,5,1
225,0,1,16,1,1,4,4,2,3,1,0,1,0,1,1,0,1,5,3,2,3,13,13,14,0,0,5,1,1,0
226,0,1,18,0,1,3,1,4,4,3,0,1,1,1,1,1,1,5,3,3,2,9,8,7,1,16,4,1,1,0
227,0,1,17,1,1,3,2,4,4,0,0,1,0,1,1,0,1,5,3,4,2,16,15,15,0,10,3,1,3,1
228,0,0,17,1,1,2,3,3,3,3,1,1,0,1,1,0,0,5,3,3,2,12,11,12,0,2,3,1,3,1
229,0,0,18,1,1,2,1,0,4,0,0,4,1,1,1,1,0,4,3,2,2,10,8,9,0,14,3,4,5,1
230,0,1,17,1,0,2,1,4,4,0,0,2,1,1,1,1,1,3,2,3,3,12,10,12,0,10,3,1,2,0
231,0,1,17,1,1,4,3,1,4,3,1,1,1,1,1,1,0,3,2,3,2,13,13,14,0,14,3,1,2,0
232,0,0,17,0,1,2,2,4,4,0,1,2,1,1,1,0,1,4,5,2,2,11,11,11,0,4,1,1,1,0
233,0,0,17,1,1,4,4,2,2,3,0,1,1,1,1,1,1,4,5,5,2,11,9,9,0,14,2,1,3,1
234,0,0,16,1,1,4,4,1,4,3,1,1,1,1,1,0,1,4,2,4,2,14,13,13,0,2,1,2,4,1
235,0,0,16,1,1,1,1,4,4,1,0,2,1,1,1,0,0,3,4,2,2,9,7,6,0,18,5,1,1,0
236,0,0,16,1,1,3,2,0,4,3,0,2,1,1,1,1,1,5,3,3,3,11,9,10,0,10,2,1,3,1
237,0,0,17,1,1,2,2,4,4,1,1,1,0,1,1,1,0,4,4,2,2,14,13,13,0,4,4,5,5,1
238,0,1,16,1,1,2,1,4,4,1,0,1,1,1,1,1,1,4,5,2,1,13,12,12,0,20,5,1,1,0
239,0,1,17,0,1,2,1,0,3,0,0,3,1,0,1,0,1,2,1,1,2,13,11,11,0,2,3,1,1,0
240,0,0,18,1,1,2,2,4,3,3,1,1,1,1,0,0,1,5,5,4,2,7,7,0,1,0,2,3,5,1
241,0,0,17,1,1,4,3,1,4,0,0,2,1,1,1,1,0,2,5,5,2,12,12,12,0,14,5,1,4,1
242,0,0,17,0,0,4,4,2,4,0,0,2,1,1,1,0,0,3,3,3,2,10,11,12,0,2,4,2,3,1
243,0,0,16,1,1,4,3,2,4,0,0,1,0,1,1,0,0,5,4,5,1,6,0,0,0,0,3,1,1,0
244,0,0,16,1,1,4,4,3,3,0,0,1,1,1,1,0,1,5,3,2,1,13,12,12,0,0,5,1,2,0
245,0,1,18,1,1,2,1,4,4,0,4,2,0,1,1,1,1,4,4,4,3,7,0,0,0,0,3,1,1,0
246,0,0,16,1,1,2,1,4,4,0,0,3,1,1,1,0,1,4,3,3,1,18,18,18,0,6,4,1,1,0
247,0,0,17,1,1,2,3,4,4,0,1,2,1,1,1,0,1,5,2,2,1,12,12,13,0,4,2,1,1,0
248,0,0,22,1,1,3,1,3,3,4,0,1,0,1,0,1,1,5,4,5,1,6,8,8,3,16,1,5,5,1
249,0,0,18,0,1,3,3,4,3,0,0,1,1,1,1,1,0,4,3,3,2,3,5,5,1,8,5,1,3,1
250,0,0,16,1,1,0,2,4,4,4,0,1,0,1,1,0,1,4,3,2,1,13,15,15,0,0,5,2,4,1
251,0,0,18,1,1,3,2,3,4,0,0,2,1,1,0,0,1,4,4,5,1,6,8,8,1,0,5,2,4,1
252,0,0,16,1,1,3,3,0,4,3,4,3,0,1,1,0,1,5,3,3,2,7,10,10,0,6,2,1,3,1
253,0,0,18,1,1,2,1,3,3,4,0,1,0,1,0,0,1,3,2,5,1,6,9,8,1,4,5,2,5,1
254,0,0,16,0,1,2,1,4,4,0,0,2,0,0,1,0,1,3,3,2,1,8,9,8,0,0,3,1,3,1
255,0,0,17,0,1,2,1,4,4,0,0,1,0,1,1,0,1,4,4,2,1,8,12,12,0,0,5,2,4,1
256,0,0,17,1,1,1,1,1,4,0,0,2,1,1,1,0,0,4,4,4,1,7,9,8,1,2,5,1,2,0
257,0,1,17,1,1,4,2,2,3,3,0,1,1,1,1,0,0,4,2,3,4,14,12,13,0,6,4,1,1,0
258,0,0,19,1,0,4,3,3,0,3,0,1,1,1,1,0,0,4,3,1,2,11,11,11,0,12,1,1,1,0
259,0,0,18,1,1,2,1,4,4,1,0,1,1,1,1,0,1,5,2,4,2,15,14,14,0,8,4,1,2,0
260,0,1,17,1,1,2,2,3,3,0,1,1,1,1,1,1,0,3,4,1,4,10,9,0,0,0,2,1,1,0
261,0,1,18,1,1,4,3,3,4,1,1,1,1,1,1,1,1,3,1,2,2,17,18,18,0,21,2,1,3,1
262,0,0,18,1,1,4,3,2,4,0,0,1,0,1,1,0,1,4,3,2,2,8,8,8,0,2,3,1,1,0
263,0,0,18,0,1,3,2,4,4,0,0,1,0,0,1,0,1,5,3,2,3,13,12,12,0,1,3,1,1,0
264,0,1,17,1,1,3,3,4,4,1,0,1,0,0,1,0,1,3,2,3,3,10,9,9,0,4,4,1,1,0
265,0,1,18,1,1,2,2,0,3,1,0,1,1,1,1,1,1,4,3,3,3,9,10,0,0,0,3,1,1,0
266,0,0,18,0,0,3,4,4,4,3,0,2,1,1,1,0,0,4,2,5,2,17,17,17,0,13,1,3,4,1
267,0,0,17,1,1,3,1,3,4,4,0,1,1,1,1,1,1,5,4,4,2,9,9,10,0,2,5,3,4,1
268,0,1,18,0,1,4,4,2,4,3,0,2,1,1,1,0,1,4,3,4,2,12,10,11,0,8,4,2,2,1
269,0,0,18,1,1,4,2,1,4,3,1,1,1,1,1,1,1,5,4,5,2,10,9,10,0,10,5,1,3,1
270,0,1,18,0,1,2,1,4,4,3,0,2,1,1,0,1,1,4,3,5,2,6,0,0,0,0,3,1,2,0
271,0,1,19,1,1,3,3,4,3,1,4,1,1,1,1,0,1,4,3,5,2,9,9,9,2,15,5,3,3,1
272,0,1,18,1,1,2,3,4,3,3,1,1,1,1,1,1,1,4,5,5,4,15,14,14,0,4,2,1,3,1
273,0,1,18,1,1,1,1,4,4,1,0,2,0,0,1,0,0,4,4,3,2,11,11,11,0,2,3,1,1,0
274,0,0,17,0,1,1,2,0,0,1,0,1,0,0,1,1,1,3,5,2,2,15,14,14,0,2,1,2,2,1
275,0,1,17,1,1,2,4,0,1,3,0,2,1,1,1,1,1,4,3,3,2,10,10,10,0,2,1,1,1,0
276,0,1,17,1,1,2,2,3,4,0,0,2,1,1,1,1,0,4,4,4,2,12,12,12,0,6,5,2,3,1
277,0,1,18,0,0,3,2,4,3,1,0,2,0,1,0,1,1,4,1,1,2,10,9,9,0,75,5,1,1,0
278,0,0,18,1,1,4,4,2,3,1,0,2,1,1,1,0,1,3,2,4,1,9,9,9,0,22,3,1,4,1
279,0,1,18,1,1,4,4,1,1,3,1,1,1,1,1,1,1,2,4,4,2,9,8,8,1,15,4,1,1,0
280,0,0,18,1,1,4,3,2,3,0,0,2,1,1,1,0,0,4,2,3,1,10,11,10,0,8,1,1,2,0
281,0,0,17,1,0,4,1,3,4,1,0,2,1,1,1,1,0,4,5,4,1,8,8,8,0,30,5,2,4,1
282,0,0,17,1,0,3,2,2,3,1,0,1,1,1,1,0,0,4,4,4,1,11,9,10,1,19,3,3,4,1
283,0,1,18,0,1,1,1,0,4,3,0,2,1,0,1,0,0,5,2,2,4,12,12,12,0,1,3,1,1,0
284,0,1,18,1,1,1,1,4,4,1,0,2,1,1,1,0,1,5,4,4,2,8,9,10,0,4,4,1,1,0
285,0,1,17,1,1,2,2,4,4,0,0,1,0,1,1,0,1,5,4,5,2,10,9,11,0,4,5,1,2,0
286,0,0,17,1,1,1,1,4,4,3,1,1,0,1,1,0,1,4,3,3,2,12,10,11,0,2,4,1,2,0
287,0,1,18,1,1,2,2,0,0,4,0,1,1,1,1,0,1,4,3,3,3,18,18,19,0,5,2,1,2,0
288,0,1,17,1,1,1,1,3,2,3,0,1,1,1,1,0,1,4,3,3,3,13,12,12,0,6,3,1,1,0
289,0,0,18,1,1,2,1,3,3,3,0,1,1,1,1,0,1,4,2,4,3,15,14,14,0,6,2,1,3,1
290,0,0,18,1,0,4,4,2,2,3,0,1,1,1,1,0,0,5,4,3,2,15,13,15,0,9,2,1,1,0
291,0,0,18,1,1,4,2,2,4,1,0,1,1,1,1,1,1,4,3,2,2,12,11,11,0,11,5,1,4,1
292,0,1,17,1,1,4,3,1,3,3,0,1,1,1,1,0,1,4,2,2,3,15,15,15,0,0,3,1,2,0
293,0,1,18,1,1,2,1,3,0,3,0,1,1,1,1,1,0,5,4,3,2,12,12,13,1,12,5,1,1,0
294,0,1,17,0,1,3,1,3,4,3,0,2,1,0,1,0,0,3,1,2,4,18,18,18,0,6,3,1,1,0
295,0,0,18,0,1,3,2,3,4,3,0,2,1,1,1,0,0,5,4,2,3,14,13,14,0,8,4,1,1,0
296,0,0,17,1,1,3,3,1,4,1,0,1,1,1,1,0,1,4,4,3,1,14,12,11,0,4,5,1,3,1
297,0,1,19,1,1,4,4,1,4,3,4,2,1,1,1,0,1,2,3,4,2,10,9,0,0,0,2,2,3,1
298,0,1,18,1,1,4,3,4,4,1,4,2,1,1,1,1,0,4,4,5,2,10,8,8,0,10,2,1,2,0
299,0,1,18,1,1,4,3,4,4,3,1,1,1,1,1,0,1,4,3,3,4,14,13,14,0,0,3,1,1,0
300,0,0,18,1,1,4,4,2,2,1,0,1,1,1,1,1,0,1,4,2,1,16,15,16,0,5,1,2,2,1
301,0,1,18,1,0,4,4,1,4,1,0,1,1,1,1,1,0,4,2,4,2,12,10,11,0,14,4,1,1,0
302,0,0,17,1,1,4,4,4,2,1,1,2,1,1,1,0,0,4,1,1,1,11,11,10,0,0,5,2,2,1
303,0,1,17,1,1,4,2,4,4,3,0,2,1,1,1,0,1,4,3,3,3,15,12,14,0,0,3,1,1,0
304,0,1,17,1,1,3,2,1,1,3,1,1,0,1,1,0,1,5,2,2,4,17,17,18,0,0,5,1,2,0
305,0,0,19,1,1,3,3,4,4,1,4,1,1,1,1,1,1,4,4,4,2,15,14,13,1,20,3,1,1,0
306,0,1,18,1,1,2,4,3,0,3,4,1,1,1,1,0,1,4,4,3,2,14,12,12,1,8,3,1,1,0
307,0,0,20,1,0,3,2,3,4,0,4,1,1,0,1,0,1,5,5,3,1,17,18,18,0,0,5,1,1,0
308,0,0,19,1,1,4,4,2,3,3,4,2,1,1,1,1,1,4,3,4,1,8,9,8,1,38,4,1,1,0
309,0,0,19,0,1,3,3,4,3,3,1,1,1,0,1,1,1,4,5,3,2,15,12,12,1,0,5,1,2,0
310,0,1,19,1,1,1,1,0,4,3,4,1,0,1,1,0,0,4,4,3,2,12,10,10,1,18,3,1,3,1
311,0,1,19,1,1,1,2,3,3,1,4,1,0,0,1,1,0,4,2,4,2,9,9,0,1,0,3,2,2,1
312,0,1,19,1,1,2,1,0,4,4,4,3,1,1,0,1,1,3,4,1,2,14,12,13,0,20,2,1,1,0
313,0,0,19,1,1,1,2,4,3,0,4,1,0,1,1,0,1,4,5,2,2,13,11,11,1,3,4,2,2,1
314,0,1,19,1,1,3,2,3,4,3,4,2,0,1,1,1,0,4,2,2,2,13,10,11,1,22,1,1,2,0
315,0,1,19,1,1,1,1,0,1,1,4,1,0,1,1,1,1,4,1,2,3,15,13,13,2,14,3,1,1,0
316,0,1,19,0,1,2,3,4,4,3,4,1,1,1,1,1,1,4,1,2,3,13,11,11,1,40,3,1,1,0
317,0,1,18,1,1,2,1,3,4,0,0,2,1,1,1,0,1,5,3,3,2,8,8,0,0,0,1,1,2,0
318,0,1,18,1,1,4,3,4,4,0,0,1,1,1,1,1,1,4,3,4,3,9,10,9,0,9,5,1,1,0
319,0,1,17,0,1,3,4,0,3,0,1,1,0,1,1,0,1,4,3,4,3,11,11,10,0,0,5,2,5,1
320,0,1,18,1,1,4,4,2,4,0,0,1,1,1,1,0,1,4,4,4,2,11,11,11,0,2,5,3,3,1
321,0,1,17,1,0,4,3,3,3,0,0,1,1,1,1,1,1,5,2,2,2,13,13,13,0,23,5,1,2,0
322,0,1,17,1,1,2,2,4,4,0,0,1,1,0,1,1,1,4,2,2,2,11,9,9,0,12,3,1,1,0
323,0,1,17,0,1,2,2,3,3,0,0,1,1,1,1,0,0,3,3,2,3,11,11,11,0,3,3,2,2,1
324,0,1,17,1,1,3,1,3,3,0,1,1,0,1,1,0,1,3,4,3,3,12,14,15,0,1,5,2,3,1
325,0,1,17,1,1,0,2,0,0,1,1,2,1,1,1,0,0,3,3,3,3,16,15,15,0,0,2,2,3,1
326,0,0,18,1,1,4,4,4,4,0,0,1,1,1,1,0,1,4,3,3,3,9,12,11,0,3,3,2,2,1
327,0,0,17,1,1,3,3,4,3,3,0,1,0,1,1,0,1,4,3,5,1,14,15,16,0,3,5,3,5,1
328,0,0,17,0,1,2,2,3,4,0,0,4,1,1,1,0,1,4,4,5,1,11,10,10,0,8,4,5,5,1
329,0,1,17,1,1,4,4,2,3,0,0,1,1,1,1,0,1,5,4,4,3,10,9,9,0,7,4,1,3,1
330,0,1,17,1,1,4,4,2,2,0,0,2,0,1,1,1,1,4,3,3,3,14,14,14,0,4,4,1,2,0
331,0,0,18,1,1,2,2,4,4,0,0,1,1,1,1,0,0,4,5,5,4,9,8,8,0,2,5,2,4,1
332,0,1,17,0,1,2,4,0,4,0,1,1,1,1,1,1,1,4,4,3,3,12,14,14,0,7,5,1,1,0
333,0,1,18,1,1,3,3,3,3,1,0,1,1,1,1,0,1,5,3,4,2,7,0,0,0,0,4,1,1,0
334,0,1,18,1,1,2,2,4,4,1,4,1,0,1,1,1,0,4,3,3,2,8,8,0,0,0,2,1,1,0
335,0,1,18,0,1,2,2,0,4,0,0,2,1,0,1,0,1,4,4,4,4,10,9,0,0,0,4,1,1,0
336,0,1,17,1,1,3,4,3,4,0,0,1,1,1,1,0,1,4,4,5,3,16,15,15,0,16,5,1,3,1
337,0,1,19,0,0,3,1,3,0,1,4,1,1,0,1,0,1,5,4,3,3,14,13,13,1,12,5,1,2,0
338,0,1,17,1,1,3,2,4,4,1,0,1,1,1,1,1,1,4,3,2,2,7,8,0,0,0,2,2,3,1
339,0,1,18,1,1,3,3,3,3,1,0,1,1,1,1,0,0,5,3,3,4,16,15,17,0,7,1,1,1,0
340,0,1,17,0,0,3,2,4,4,1,0,1,1,1,1,0,1,4,3,3,2,9,10,10,0,4,2,2,3,1
341,0,1,19,1,1,2,1,3,3,1,4,1,1,1,1,1,1,4,3,4,3,11,12,11,1,4,3,1,3,1
342,0,0,18,1,1,4,4,2,3,1,1,1,1,1,1,0,1,4,3,3,2,10,10,0,1,0,2,2,2,1
343,0,0,18,1,1,3,4,3,4,1,0,1,1,1,1,1,0,4,3,3,2,16,15,15,0,11,5,1,3,1
344,0,1,17,1,0,2,2,0,0,1,1,1,1,1,1,1,1,3,3,1,2,9,8,0,1,0,4,1,2,0
345,0,1,18,1,1,2,3,0,4,0,0,1,1,1,1,0,1,4,3,3,3,11,10,10,0,4,3,1,2,0
346,0,1,18,1,1,3,2,4,3,4,0,1,1,1,1,1,1,5,4,3,3,13,13,14,0,7,1,2,3,1
347,0,0,18,0,1,4,3,2,3,0,0,1,1,1,1,1,1,5,3,2,3,16,15,16,0,9,4,1,2,0
348,0,0,18,1,1,4,3,2,4,0,0,1,1,1,1,1,1,5,4,5,3,10,10,9,0,0,5,2,3,1
349,0,1,17,1,1,4,3,1,4,3,0,1,1,1,1,1,1,4,4,3,3,13,15,15,0,0,4,1,3,1
350,1,0,18,0,1,3,2,4,4,0,0,2,0,1,1,0,1,2,5,5,1,11,13,13,1,10,5,5,5,1
351,1,0,19,0,1,1,1,4,3,1,4,3,1,1,1,0,1,5,4,4,2,8,7,8,3,8,2,3,3,1
352,1,0,17,1,1,3,3,1,4,0,0,2,1,1,1,0,1,4,5,4,2,13,13,13,0,2,3,2,3,1
353,1,0,18,1,1,1,3,0,3,0,0,1,1,1,0,1,0,4,3,3,1,8,7,8,1,7,3,2,3,1
354,1,0,19,0,1,1,1,4,4,1,4,3,1,1,1,0,1,4,4,4,1,8,8,8,1,4,5,3,3,1
355,1,0,17,0,1,4,3,3,4,1,0,2,0,1,1,1,1,4,5,5,2,13,11,11,0,4,2,1,3,1
356,1,1,18,1,1,3,3,3,3,0,1,1,1,0,1,1,1,5,3,4,2,10,9,9,0,0,5,1,1,0
357,1,1,17,0,1,4,4,2,3,4,1,2,1,1,1,0,1,4,3,3,2,12,13,13,0,4,5,1,2,0
358,1,1,17,1,0,3,2,3,4,3,0,2,1,0,1,1,0,1,2,3,2,12,12,11,0,2,5,1,2,0
359,1,0,18,1,1,1,1,4,3,1,1,2,0,1,1,1,0,3,3,2,1,10,10,10,0,4,3,1,2,0
360,1,1,18,1,1,1,1,0,3,0,1,2,1,1,1,0,0,5,3,2,3,18,16,16,0,0,4,1,1,0
361,1,1,18,0,0,1,4,0,4,0,0,3,1,0,1,1,0,4,3,4,2,13,13,13,0,0,5,1,4,1
362,1,0,18,0,1,1,1,0,4,4,0,2,0,0,0,0,0,4,4,3,2,13,12,12,1,2,5,2,3,1
363,1,1,18,1,1,3,3,3,3,4,0,2,1,1,1,1,1,4,3,2,2,11,11,10,0,0,3,1,3,1
364,1,1,17,1,1,4,4,0,0,0,0,1,1,1,1,1,0,2,3,4,2,16,15,15,0,0,1,1,1,0
365,1,1,17,0,1,1,2,4,3,0,1,2,0,0,1,0,1,3,2,2,2,12,11,12,0,0,3,1,2,0
366,1,0,18,0,1,1,3,0,4,0,0,2,1,0,1,0,1,3,3,4,2,10,10,10,0,4,3,2,4,1
367,1,0,18,1,1,4,4,2,3,4,0,2,1,1,1,1,0,4,2,2,3,13,13,13,0,0,5,2,2,1
368,1,1,17,0,1,1,1,4,3,3,0,3,1,1,1,1,1,5,2,1,1,7,6,0,1,0,1,1,2,0
369,1,1,18,1,1,2,3,0,3,0,1,2,1,1,1,1,1,5,2,3,1,11,10,10,0,0,4,1,2,0
370,1,1,18,0,1,4,4,4,2,4,1,3,0,1,1,1,1,3,2,2,2,14,12,11,0,10,5,4,2,1
371,1,1,19,1,1,3,2,3,3,1,4,2,1,0,1,1,0,3,2,2,2,7,7,9,2,4,3,1,1,0
372,1,0,18,0,1,1,2,0,3,4,1,3,1,1,0,1,0,4,3,3,1,14,12,12,0,3,3,2,3,1
373,1,1,17,1,1,2,2,4,0,1,0,1,1,0,1,1,1,3,4,3,3,13,11,11,0,8,3,1,1,0
374,1,1,17,0,1,1,2,4,4,0,0,1,1,1,1,0,1,3,5,5,1,6,5,5,0,14,1,1,3,1
375,1,1,18,0,1,4,4,4,4,3,0,2,1,1,1,0,0,5,4,4,3,19,18,19,0,0,1,1,1,0
376,1,1,18,0,1,1,1,4,4,1,0,4,1,1,1,0,1,4,3,2,3,8,8,10,0,2,4,1,2,0
377,1,1,20,1,1,4,2,1,4,0,4,2,0,1,1,1,1,5,4,3,3,15,14,15,2,4,3,1,1,0
378,1,1,18,0,1,4,4,2,3,0,0,1,1,1,1,0,0,5,4,3,2,8,9,10,0,4,2,3,4,1
379,1,1,18,1,1,3,3,4,4,1,0,1,1,1,1,1,1,4,1,3,2,15,15,15,0,0,1,1,2,0
380,1,1,17,0,1,3,1,0,4,3,0,1,0,1,1,0,1,4,5,4,2,10,10,10,0,17,1,2,3,1
381,1,0,18,1,1,4,4,2,2,1,1,1,0,1,1,0,1,3,2,4,2,15,14,14,0,4,2,1,4,1
382,1,0,18,0,1,2,1,4,4,4,0,2,0,1,1,1,1,4,4,3,1,7,6,7,0,5,5,1,3,1
383,1,0,17,1,1,2,3,4,3,1,1,2,1,1,1,0,1,4,4,3,2,11,11,10,0,2,3,1,1,0
384,1,0,19,0,1,1,1,4,3,4,0,2,1,0,1,0,1,4,3,2,1,6,5,0,1,0,5,1,3,1
385,1,0,18,0,1,4,2,4,4,1,1,2,1,0,1,0,1,5,4,3,1,6,5,5,1,14,3,4,3,1
386,1,1,18,0,1,2,2,0,4,4,0,2,1,0,1,0,1,5,3,3,3,10,9,10,0,2,4,1,3,1
387,1,1,18,0,1,4,4,2,0,3,0,3,1,1,1,1,1,4,4,3,1,6,5,6,0,7,5,2,2,1
388,1,1,19,0,1,2,3,3,4,0,0,1,0,1,1,0,1,5,4,2,3,7,5,0,1,0,5,1,2,0
389,1,1,18,1,1,3,1,2,3,0,0,1,1,1,1,0,0,4,3,4,2,7,9,8,0,0,1,1,1,0
390,1,1,18,1,1,1,1,4,4,0,0,2,1,0,1,0,1,1,1,1,2,6,5,0,1,0,5,1,1,0
391,1,0,20,1,0,2,2,3,3,0,4,1,1,0,1,0,0,5,5,4,2,9,9,9,2,11,4,4,5,1
392,1,0,17,1,1,3,1,3,3,0,0,2,0,1,1,0,0,2,4,5,1,14,16,16,0,3,2,3,4,1
393,1,0,21,0,1,1,1,4,4,0,4,1,0,0,1,0,1,5,5,3,1,10,8,7,3,3,3,3,3,1
394,1,0,18,0,1,3,2,3,4,0,0,3,0,1,1,0,0,4,4,1,1,11,12,10,0,0,5,3,4,1
395,1,0,19,1,1,1,1,4,0,0,1,1,1,1,1,0,0,3,2,3,1,8,9,9,0,5,5,3,3,1
396,0,1,18,1,0,4,4,0,2,0,0,2,1,0,1,0,1,4,3,4,2,0,11,11,0,4,3,1,1,0
397,0,1,17,1,1,1,1,0,4,0,1,1,0,1,1,0,1,5,3,3,2,9,11,11,0,2,3,1,1,0
398,0,1,15,1,1,1,1,0,4,4,0,1,1,1,1,0,0,4,3,2,2,12,13,12,0,6,3,2,3,1
399,0,1,15,1,1,4,2,1,3,1,0,1,1,1,1,1,1,3,2,2,3,14,14,14,0,0,5,1,1,0
400,0,1,16,1,1,3,3,4,4,1,1,1,1,0,1,0,1,4,3,2,2,11,13,13,0,0,5,1,2,0
401,0,0,16,1,1,4,3,3,4,3,0,1,1,1,1,0,0,5,4,2,2,12,12,13,0,6,5,1,2,0
402,0,0,16,1,1,2,2,4,4,1,0,1,1,1,1,0,0,4,4,4,2,13,12,13,0,0,3,1,1,0
403,0,1,17,1,0,4,4,4,2,1,0,2,1,0,1,0,1,4,1,4,2,10,13,13,0,2,1,1,1,0
404,0,0,15,1,0,3,2,3,4,1,0,1,1,1,1,0,0,4,2,2,2,15,16,17,0,0,1,1,1,0
405,0,0,15,1,1,3,4,4,4,1,0,1,1,1,1,0,1,5,5,1,2,12,12,13,0,0,5,1,1,0
406,0,1,15,1,1,4,4,2,1,3,0,1,1,1,1,0,1,3,3,3,2,14,14,14,0,2,2,1,2,0
407,0,1,15,1,1,2,1,3,4,3,1,3,1,1,1,0,1,5,2,2,3,10,12,13,0,0,4,1,1,0
408,0,0,15,1,1,4,4,1,3,0,1,1,1,1,1,0,0,4,3,3,1,12,13,12,0,0,5,1,3,1
409,0,0,15,1,1,4,3,2,4,0,0,2,1,1,1,0,1,5,4,3,2,12,12,13,0,0,3,1,2,0
410,0,0,15,1,0,2,2,4,4,1,4,1,1,1,1,1,1,4,5,2,3,14,14,15,0,0,3,1,1,0
411,0,1,16,1,1,4,4,1,4,1,0,1,1,1,1,0,1,4,4,4,1,17,17,17,0,6,2,1,2,0
412,0,1,16,1,1,4,4,3,3,3,0,1,1,1,1,0,1,3,2,3,3,13,13,14,0,10,2,1,2,0
413,0,1,16,1,1,3,3,4,4,3,0,3,1,0,1,0,1,5,3,2,2,13,14,14,0,2,4,1,1,0
414,0,0,17,1,1,3,2,3,3,0,0,1,1,1,1,0,1,5,5,5,1,8,8,7,3,2,5,2,4,1
415,0,0,16,1,1,4,3,1,4,1,1,1,1,1,1,0,0,3,1,3,1,12,12,12,0,6,5,1,3,1
416,0,0,15,1,1,4,3,2,4,3,0,1,1,1,1,0,1,4,4,1,2,12,13,14,0,0,1,1,1,0
417,0,0,15,1,1,4,4,1,1,4,1,1,1,1,1,0,1,5,4,2,1,11,12,12,0,0,5,1,1,0
418,0,0,16,1,1,4,2,2,4,0,0,1,1,1,1,0,0,4,5,1,2,12,13,14,0,0,5,1,3,1
419,0,0,16,1,1,2,2,4,4,3,0,2,1,1,1,0,0,5,4,4,2,10,10,10,0,2,5,2,4,1
420,0,1,15,0,1,2,4,3,1,0,0,1,1,1,1,0,1,4,3,2,3,10,11,10,0,2,5,1,1,0
421,0,1,16,1,1,2,2,3,3,1,0,1,0,1,1,0,1,1,2,2,1,10,11,12,0,6,5,1,3,1
422,0,0,15,1,1,2,2,4,4,1,0,1,1,1,1,0,1,4,2,2,1,11,12,12,0,8,5,1,2,0
423,0,0,15,1,1,4,2,1,3,4,0,1,1,1,1,0,1,2,2,4,1,11,11,11,0,0,1,2,4,1
424,0,0,16,1,0,3,4,3,4,1,0,1,1,1,1,0,0,5,3,3,2,12,12,13,0,2,5,1,1,0
425,0,0,16,1,1,4,4,2,2,1,0,1,1,1,1,1,1,4,4,5,2,12,11,12,0,4,5,5,5,1
426,0,0,15,1,1,4,4,1,3,1,0,1,0,1,1,0,1,5,4,2,2,10,11,11,0,0,5,3,4,1
427,0,0,15,1,1,4,4,3,3,3,0,2,1,1,1,0,1,4,3,1,2,15,15,15,0,2,5,1,1,0
428,0,0,15,0,1,4,3,2,0,0,0,1,1,1,1,1,1,4,5,2,2,13,14,15,0,0,5,1,1,0
429,0,0,15,1,1,3,3,4,4,0,0,1,0,1,1,0,0,5,3,2,2,13,12,12,0,0,2,1,1,0
430,0,0,16,1,1,3,2,4,4,1,0,1,0,1,1,0,1,5,4,3,1,12,12,12,0,4,5,1,1,0
431,0,1,15,1,1,2,3,4,4,4,1,2,1,0,1,0,1,3,5,1,1,11,11,11,0,4,5,1,1,0
432,0,0,15,1,1,4,3,2,3,1,0,1,1,1,1,0,0,5,4,3,3,14,14,14,0,0,4,1,1,0
433,0,0,16,0,0,4,4,4,2,3,0,2,1,1,1,1,1,2,4,3,3,13,13,13,0,4,5,1,1,0
434,0,1,15,0,1,3,4,3,1,0,0,1,1,1,1,0,1,4,3,2,3,11,12,12,0,2,5,1,1,0
435,0,1,15,0,1,2,2,0,4,3,0,1,1,0,1,0,1,4,3,1,1,14,13,12,0,8,2,1,1,0
436,0,1,16,1,1,2,2,4,4,1,0,2,0,1,1,1,0,3,3,3,2,11,11,10,0,16,3,1,2,0
437,0,0,15,1,1,4,4,2,4,1,4,1,0,1,1,1,0,5,4,3,1,10,11,11,0,8,5,2,4,1
438,0,0,15,1,1,4,4,3,2,0,1,1,1,1,1,0,1,4,3,3,2,14,15,15,0,0,5,1,1,0
439,0,0,15,1,1,2,2,3,3,0,1,1,1,1,1,0,1,5,4,1,1,9,10,10,0,0,1,1,1,0
440,0,1,16,1,1,2,2,4,0,0,1,2,1,1,1,0,0,4,3,3,2,10,11,11,1,14,5,2,2,1
441,0,1,15,1,0,4,3,4,4,0,0,1,1,1,1,1,0,5,2,2,2,10,11,11,0,4,5,1,1,0
442,0,1,16,1,0,3,3,4,3,1,0,1,1,1,1,0,0,2,3,5,2,13,12,13,0,6,3,1,4,1
443,0,0,16,1,1,4,3,1,3,3,0,1,1,1,1,0,1,4,2,2,4,17,17,17,0,2,2,1,1,0
444,0,0,15,1,1,4,2,2,4,1,0,1,1,0,1,0,1,4,3,3,2,11,12,13,0,4,5,2,2,1
445,0,1,15,1,1,4,4,3,2,4,1,1,0,1,1,0,1,4,4,4,2,13,12,12,0,2,3,1,1,0
446,0,1,16,1,1,2,2,3,3,0,0,3,1,1,1,0,0,4,3,3,2,14,13,13,0,0,4,2,3,1
447,0,1,15,1,1,4,2,1,4,4,0,1,1,1,1,0,0,4,3,3,2,16,14,16,0,0,5,1,1,0
448,0,0,15,1,0,4,2,1,1,4,1,2,1,0,1,0,0,5,5,5,1,10,9,9,0,4,5,3,4,1
449,0,1,15,1,1,4,4,3,3,0,0,1,1,1,1,0,1,3,3,4,1,13,12,12,0,0,5,2,3,1
450,0,1,15,1,0,3,3,4,4,4,0,1,1,1,1,0,0,5,3,4,1,13,12,13,0,0,1,4,4,1
451,0,1,16,1,0,2,1,4,4,4,0,1,1,1,1,1,1,5,3,4,2,12,13,12,0,2,2,1,1,0
452,0,1,15,1,0,4,3,3,3,3,0,1,1,1,1,0,1,4,3,2,2,15,14,15,0,0,1,1,1,0
453,0,0,15,1,1,4,4,2,1,3,0,1,1,0,1,0,1,3,2,2,2,15,15,16,0,8,5,1,1,0
454,0,0,15,1,1,1,2,4,0,1,1,1,1,1,1,0,0,4,3,2,2,14,13,14,0,0,5,1,1,0
455,0,1,16,1,1,4,2,3,4,0,0,1,1,1,1,0,1,4,2,3,2,16,15,16,0,2,5,1,1,0
456,0,1,16,0,1,4,4,1,2,4,0,1,1,0,1,0,1,2,4,4,2,17,16,16,0,0,4,2,3,1
457,0,1,16,1,1,1,1,3,3,0,1,4,0,1,1,1,1,5,5,5,1,10,10,16,0,0,5,5,5,1
458,0,1,16,1,1,1,2,4,3,3,1,1,1,1,1,0,0,4,4,3,2,13,13,10,0,0,1,1,1,0
459,0,1,16,1,1,4,3,2,1,1,0,1,1,1,1,0,1,3,4,4,3,14,13,13,0,0,4,2,4,1
460,0,1,15,1,1,4,3,3,3,3,1,1,1,1,1,1,0,4,4,4,2,13,12,12,0,0,2,2,4,1
461,0,1,16,1,1,4,3,2,3,0,0,3,1,1,1,0,0,5,4,3,2,16,15,16,0,2,1,1,2,0
462,0,0,15,1,0,4,4,4,3,3,0,1,0,1,1,1,1,1,3,3,4,11,12,12,0,0,3,5,5,1
463,0,1,16,1,1,3,1,3,4,0,0,1,1,1,1,0,1,4,3,3,4,10,9,10,0,0,5,1,2,0
464,0,1,15,0,1,2,2,1,3,3,0,2,1,1,1,0,0,4,1,3,2,11,10,11,0,0,4,1,3,1
465,0,1,15,0,1,3,1,4,4,3,1,2,0,1,1,0,0,4,4,2,4,15,15,15,0,6,3,2,3,1
466,0,0,16,1,1,3,1,4,4,3,1,2,1,1,1,0,1,4,3,2,4,13,11,11,0,2,5,1,1,0
467,0,0,15,1,1,4,2,4,4,0,0,1,1,1,1,0,1,3,3,3,4,11,9,10,0,0,3,1,1,0
468,0,1,15,0,1,1,1,4,4,3,0,1,0,1,1,1,1,3,3,4,2,13,11,11,0,2,5,2,4,1
469,0,0,16,1,1,3,1,4,4,3,0,1,1,0,1,0,1,5,3,2,1,13,13,14,0,0,5,2,2,1
470,0,1,16,1,1,3,3,4,3,1,0,1,1,1,1,0,1,4,3,3,2,11,11,11,0,4,5,2,4,1
471,0,0,15,1,1,4,3,2,4,1,0,1,1,1,1,0,1,4,3,3,2,11,11,11,0,0,5,2,3,1
472,0,0,15,1,1,4,0,2,4,0,0,2,1,1,1,0,1,3,4,3,4,12,11,11,0,0,1,1,1,0
473,0,1,16,1,1,2,2,4,4,3,0,1,1,1,1,1,1,5,2,3,4,13,13,13,0,1,3,1,3,1
474,0,0,17,1,1,2,1,4,4,1,0,2,1,1,0,0,1,4,5,1,1,9,9,10,3,0,3,1,1,0
475,0,1,16,1,1,3,4,0,4,0,0,1,1,1,1,0,1,2,4,3,2,12,11,11,0,14,3,1,2,0
476,0,0,15,1,1,2,3,4,3,0,1,1,0,1,1,1,1,3,2,2,1,11,11,12,0,0,3,1,3,1
477,0,0,15,1,1,2,3,4,4,1,0,1,0,1,1,0,1,5,3,2,3,10,9,9,0,2,5,1,2,0
478,0,1,15,1,1,3,2,3,4,3,0,1,1,1,1,0,0,4,4,4,2,12,11,11,0,4,5,1,1,0
479,0,0,15,1,1,2,2,3,3,1,0,2,1,1,1,0,0,5,3,3,2,13,12,13,0,2,4,1,3,1
480,0,1,15,1,1,1,1,4,4,1,1,1,0,1,1,0,1,4,3,2,2,13,12,12,0,2,4,2,3,1
481,0,1,15,1,1,4,4,3,3,3,1,2,1,1,1,1,1,4,4,4,2,12,11,12,0,4,5,2,3,1
482,0,1,16,1,1,2,2,0,4,0,0,1,1,0,1,0,0,4,3,4,2,13,11,11,0,6,2,1,2,0
483,0,1,15,1,1,4,2,4,4,3,0,1,1,1,1,0,1,5,3,3,3,15,15,15,0,4,1,1,3,1
484,0,0,16,1,1,2,2,3,4,3,1,2,0,1,1,0,1,4,4,2,2,12,10,11,0,6,3,1,1,0
485,0,0,16,1,0,4,4,2,1,3,0,1,1,0,1,0,0,4,1,3,2,9,9,10,0,6,5,3,5,1
486,0,1,16,1,1,3,3,4,4,1,0,1,1,1,1,1,1,4,3,3,3,9,11,11,0,2,4,1,3,1
487,0,1,15,1,1,4,3,3,4,3,0,1,1,1,1,0,1,4,5,5,1,14,13,13,0,6,1,1,3,1
488,0,1,16,1,1,3,1,4,4,1,1,1,1,0,1,0,0,3,3,3,2,12,13,12,0,0,2,2,3,1
489,0,1,16,1,1,4,2,2,3,1,0,2,1,1,1,0,1,5,3,3,2,13,14,14,0,2,1,1,1,0
490,0,0,15,1,1,2,2,3,1,3,0,1,1,1,1,0,0,4,3,4,4,11,12,12,0,2,4,1,1,0
491,0,1,15,0,1,1,1,0,4,1,0,2,1,1,1,0,1,3,1,2,4,13,13,13,0,4,1,1,1,0
492,0,0,16,0,1,4,3,3,4,3,0,2,0,1,1,0,1,3,3,3,1,9,11,11,0,6,4,1,1,0
493,0,1,16,1,1,2,1,4,4,0,0,1,1,0,1,1,1,4,3,5,2,13,12,12,0,0,5,1,1,0
494,0,1,16,1,1,4,4,4,4,3,0,1,0,1,1,0,1,5,3,4,1,12,13,13,0,4,1,1,2,0
495,0,1,16,1,1,4,3,4,0,0,0,1,1,1,1,0,1,5,3,5,3,12,13,13,0,2,3,1,1,0
496,0,0,16,1,1,4,4,3,3,4,0,1,1,1,1,0,1,4,5,5,1,9,9,8,0,12,4,5,5,1
497,0,0,16,1,1,4,4,3,2,4,1,1,1,1,1,1,1,4,4,3,3,16,16,16,0,0,4,1,1,0
498,0,0,15,1,1,4,4,3,4,0,0,1,0,1,1,0,1,5,3,3,1,12,13,12,0,2,5,1,1,0
499,0,1,15,1,1,3,2,3,4,1,0,2,1,1,1,0,1,4,3,5,2,11,10,10,0,16,2,1,1,0
500,0,0,15,1,0,3,4,3,4,0,0,1,1,1,1,0,1,5,4,4,2,16,16,16,0,0,1,1,1,0
501,0,1,15,1,0,3,3,4,1,3,1,1,1,0,1,0,1,4,3,3,4,10,10,10,0,10,4,1,1,0
502,0,1,15,1,1,2,2,4,4,0,0,1,1,1,1,0,1,5,1,2,4,10,10,10,0,4,3,1,1,0
503,0,0,16,1,1,3,3,3,4,1,1,1,1,1,1,0,1,5,3,3,3,13,14,14,0,4,5,1,1,0
504,0,0,15,0,1,4,4,4,4,1,1,4,1,1,1,1,1,1,3,5,4,12,10,11,0,8,1,3,5,1
505,0,1,16,1,1,4,4,1,1,4,0,1,1,1,1,1,0,5,4,5,3,15,15,14,0,2,4,1,1,0
506,0,0,15,1,0,4,4,2,2,0,0,1,1,1,1,0,0,5,5,3,1,13,14,14,0,4,4,1,1,0
507,0,1,16,0,1,3,3,3,4,3,1,1,1,1,1,0,1,4,1,2,3,11,11,11,0,4,2,1,1,0
508,0,1,16,1,1,2,2,0,4,1,0,1,1,1,1,0,1,3,1,2,2,8,10,10,1,12,5,1,1,0
509,0,0,15,1,1,4,2,2,4,0,0,1,1,1,1,0,0,3,5,2,1,18,17,18,0,10,3,1,1,0
510,0,0,15,0,1,2,1,1,3,3,0,1,1,1,1,1,1,5,4,2,2,10,9,10,0,4,5,1,1,0
511,0,0,16,1,1,4,4,2,2,0,1,1,1,1,1,0,1,5,4,4,2,16,14,14,0,6,5,1,2,0
512,0,0,15,1,1,4,4,4,2,3,1,2,1,0,1,0,1,4,4,3,2,16,15,16,0,4,2,1,1,0
513,0,0,16,1,1,3,3,4,3,1,1,2,1,1,1,0,1,5,4,2,1,14,14,15,0,6,5,1,1,0
514,0,0,17,0,1,1,3,4,4,0,1,3,1,1,1,0,1,5,2,4,2,12,11,11,1,14,5,1,4,1
515,0,0,15,1,1,3,4,4,4,3,1,1,1,1,1,0,1,3,4,3,1,14,13,14,0,2,4,1,2,0
516,0,1,15,1,1,1,2,0,3,0,0,1,0,1,1,0,1,3,2,3,2,14,14,14,0,0,1,1,2,0
517,0,0,15,1,1,2,2,3,3,1,1,1,1,1,1,0,1,5,5,4,4,14,13,13,0,6,5,1,2,0
518,0,1,16,1,1,2,4,4,1,0,1,2,1,1,1,1,0,4,2,2,2,14,12,13,0,2,5,1,2,0
519,0,0,16,1,1,4,4,1,4,0,0,1,1,1,1,0,1,3,4,4,1,12,13,13,0,4,5,1,4,1
520,0,1,16,1,1,2,2,4,4,1,0,1,1,1,1,1,1,5,4,4,2,12,11,11,0,0,5,1,1,0
521,0,0,15,1,1,3,4,3,3,1,1,1,1,1,1,0,1,5,5,5,1,9,9,9,0,2,5,3,2,1
522,0,1,15,1,0,3,4,4,4,1,0,1,1,1,1,1,0,5,3,2,2,10,11,11,0,0,1,1,1,0
523,0,1,19,1,1,0,1,0,4,0,4,1,0,0,0,0,1,3,4,2,2,9,10,11,2,0,5,1,1,0
524,0,0,16,0,1,4,4,2,2,0,0,1,1,1,1,0,1,3,5,5,1,14,14,15,0,8,4,2,5,1
525,0,0,16,1,1,2,3,4,4,0,0,2,0,1,1,1,1,3,2,3,3,13,12,13,0,4,1,2,2,1
526,0,1,15,0,1,3,4,3,2,0,1,2,1,1,1,1,1,4,2,2,3,10,11,12,0,0,5,2,2,1
527,0,1,18,1,1,2,1,3,4,3,0,1,1,1,0,1,1,5,4,5,2,10,9,8,3,10,5,1,3,1
528,0,1,17,1,0,2,1,4,4,0,0,3,1,1,1,0,0,3,2,2,1,11,10,11,0,8,5,1,2,0
529,0,1,15,1,1,1,1,0,4,0,0,3,0,1,1,1,1,4,3,3,1,11,12,13,0,6,4,1,2,0
530,0,1,17,1,1,2,2,4,4,0,1,1,1,1,1,1,0,3,4,4,1,13,12,12,0,2,5,1,3,1
531,0,1,16,1,0,3,4,3,4,0,1,1,1,1,1,0,1,3,2,1,1,15,13,14,0,12,5,1,4,1
532,0,0,16,1,1,2,1,0,4,0,0,4,1,0,1,0,1,3,2,1,1,9,9,11,0,4,2,1,1,0
533,0,1,16,1,0,2,2,4,4,1,0,1,1,0,1,0,1,5,3,4,1,13,11,11,1,12,5,1,1,0
534,0,0,15,0,1,3,4,0,2,0,0,4,1,0,1,1,1,5,3,3,2,12,11,11,0,2,5,1,1,0
535,0,1,15,1,1,4,4,3,0,0,0,1,1,1,1,1,1,4,3,3,3,13,14,15,0,4,5,1,1,0
536,0,0,17,0,1,3,4,0,4,0,0,3,1,0,1,0,1,5,4,5,2,10,9,10,0,2,5,2,4,1
537,0,1,16,0,1,1,1,0,4,0,0,4,1,0,1,0,1,5,1,3,2,14,13,13,0,0,3,1,1,0
538,0,0,18,1,1,3,1,3,3,0,0,2,1,1,1,1,0,3,3,4,1,11,11,12,0,2,4,4,5,1
539,0,1,18,1,0,3,2,4,3,0,4,1,0,1,1,1,1,4,3,3,3,12,11,11,0,10,5,5,1,1
540,0,1,16,0,1,1,1,4,3,3,0,2,1,0,1,1,1,3,3,3,1,12,11,11,0,8,1,1,2,0
541,0,1,16,1,0,3,3,4,4,0,4,2,0,1,1,1,1,4,3,2,1,9,9,10,0,4,5,1,1,0
542,0,0,16,1,1,1,1,3,4,0,0,1,1,0,1,1,0,4,4,4,2,10,10,10,2,0,5,1,3,1
543,0,1,15,1,1,4,4,2,2,0,0,2,1,1,1,0,1,4,3,2,1,13,14,14,0,6,5,1,1,0
544,0,1,15,0,1,1,1,4,4,0,0,3,1,1,1,1,1,5,5,5,1,8,9,9,1,2,1,1,1,0
545,0,0,15,1,1,4,3,2,3,0,1,2,1,1,1,0,1,2,2,2,4,9,11,11,0,6,3,1,1,0
546,0,1,15,1,0,3,3,3,3,1,0,1,0,0,1,1,1,1,3,2,2,9,8,9,0,24,1,2,3,1
547,0,0,16,1,1,4,4,3,3,0,0,1,1,1,1,0,1,5,3,3,3,15,13,13,0,0,5,1,3,1
548,0,0,16,1,1,2,2,3,3,3,1,2,1,1,1,0,0,2,3,3,1,12,11,11,0,4,2,2,2,1
549,0,1,15,1,1,4,4,2,3,0,0,1,1,1,1,0,1,4,2,2,3,13,13,13,0,2,5,1,1,0
550,0,1,16,1,1,1,1,0,0,0,0,1,1,1,1,0,0,3,4,4,1,10,11,11,0,4,1,3,3,1
551,0,0,17,1,1,2,1,4,4,1,0,1,1,1,1,0,1,5,4,5,1,9,7,6,0,22,5,1,2,0
552,0,1,15,1,1,1,1,4,3,0,1,1,1,1,1,0,1,4,4,2,2,12,12,12,0,0,5,1,2,0
553,0,1,15,1,0,2,1,0,4,1,0,2,1,1,0,1,0,4,4,2,1,11,10,10,0,0,5,1,1,0
554,0,1,15,1,1,3,2,1,3,1,1,1,1,1,1,0,1,3,3,2,2,11,11,11,1,2,3,1,1,0
555,0,1,15,1,1,1,2,0,4,0,0,1,0,1,1,0,1,4,3,2,2,13,12,13,0,6,5,1,1,0
556,0,1,15,1,1,1,2,0,3,0,1,1,0,0,1,1,1,2,3,4,2,11,11,11,0,6,1,2,4,1
557,0,0,16,1,1,4,4,2,2,0,0,1,1,1,0,1,1,3,3,2,1,9,9,8,0,16,5,2,1,0
558,0,0,15,1,0,2,1,3,4,0,0,4,1,1,1,0,0,4,5,5,1,12,11,11,0,0,5,2,5,1
559,0,0,18,1,1,1,1,4,4,0,0,1,1,1,0,1,0,2,3,5,1,11,9,0,2,0,4,2,5,1
560,0,0,16,1,1,2,1,0,4,0,0,1,1,0,1,1,0,4,4,4,1,9,10,10,1,6,5,3,5,1
561,0,1,15,0,1,3,3,3,3,3,4,2,1,1,1,1,1,4,2,1,3,13,13,13,0,2,3,2,3,1
562,0,0,19,1,1,3,2,3,0,1,0,1,1,1,0,1,1,4,5,4,1,11,9,11,0,6,4,1,1,0
563,0,1,17,1,1,4,4,4,2,0,0,1,1,0,1,1,1,4,2,1,1,13,13,13,0,0,4,1,1,0
564,0,0,15,0,1,2,3,0,3,0,0,1,1,0,1,0,1,4,4,4,2,7,8,8,0,0,1,1,1,0
565,0,0,17,0,1,1,2,4,4,3,0,1,1,0,1,0,0,2,2,2,1,9,8,10,3,14,5,3,3,1
566,0,1,18,0,1,1,1,0,4,0,0,3,0,0,1,0,1,5,2,5,1,11,10,11,3,6,4,1,5,1
567,0,0,16,0,1,2,2,0,4,0,0,3,0,0,1,0,1,4,2,2,1,12,10,11,0,4,3,1,2,0
568,0,0,16,1,1,3,3,4,3,0,1,1,1,1,1,1,1,4,5,5,2,10,10,1,1,0,5,4,4,1
569,0,0,16,1,1,1,2,1,3,0,0,2,0,1,1,0,0,4,4,5,1,9,8,10,2,0,5,3,5,1
570,0,0,17,0,1,2,1,0,4,0,0,2,1,1,0,1,0,3,3,2,1,8,8,9,1,8,5,2,2,1
571,0,0,17,0,1,3,2,4,4,0,0,2,1,1,1,1,1,4,4,4,2,7,6,8,2,4,3,1,4,1
572,0,0,15,1,1,1,2,4,4,0,0,2,1,0,1,0,0,4,4,4,1,8,9,10,0,2,5,2,4,1
573,0,0,16,1,1,1,3,0,3,0,1,1,1,1,0,0,1,5,3,3,1,9,8,8,1,2,2,1,4,1
574,0,0,17,0,1,1,1,4,3,0,0,4,1,0,0,1,0,5,3,5,2,8,8,8,0,0,5,1,5,1
575,0,0,17,1,1,3,2,3,3,0,0,2,0,0,0,0,1,4,5,2,1,8,7,8,3,10,2,1,1,0
576,0,0,16,1,1,2,2,4,4,0,1,1,1,1,0,0,1,4,3,5,2,9,10,11,0,0,4,2,4,1
577,0,1,16,1,1,4,2,1,3,1,1,1,1,1,1,1,1,4,2,3,2,17,17,18,0,0,3,1,1,0
578,0,1,16,1,1,2,2,4,4,1,0,1,0,1,1,0,1,5,1,5,2,12,12,13,0,0,4,1,1,0
579,0,1,16,1,1,4,4,1,1,3,0,1,1,1,1,1,1,4,4,2,2,16,16,17,0,0,3,1,1,0
580,0,0,16,1,1,3,4,4,4,0,1,3,0,1,1,0,1,3,4,5,1,9,9,10,1,4,2,2,4,1
581,0,0,16,1,1,1,0,4,4,3,0,2,1,1,1,1,1,4,3,2,2,16,17,18,0,0,3,1,1,0
582,0,0,17,1,1,4,4,2,4,3,0,1,1,1,1,0,0,4,4,4,2,11,9,10,0,0,5,1,3,1
583,0,1,16,1,1,1,3,0,3,1,0,1,0,1,1,1,1,4,3,5,2,14,13,13,0,0,3,1,1,0
584,0,1,16,1,1,3,3,4,4,3,0,2,1,1,1,0,0,4,4,5,2,14,14,15,0,0,4,1,1,0
585,0,0,17,1,1,4,3,2,4,0,0,2,1,1,1,0,0,4,4,4,2,10,11,11,0,0,4,4,4,1
586,0,1,16,1,1,2,2,3,4,3,0,2,0,1,1,0,1,3,4,4,2,13,12,14,0,0,5,1,4,1
587,0,0,17,1,1,3,3,4,4,3,1,1,0,1,1,0,1,4,3,4,2,11,9,10,0,4,4,1,4,1
588,0,0,16,0,1,4,2,2,3,4,0,1,1,1,1,1,1,4,3,3,1,10,9,11,0,8,3,3,4,1
589,0,0,17,1,1,4,3,4,4,0,0,1,1,1,1,1,1,5,2,3,2,11,11,13,0,4,2,1,1,0
590,0,0,16,1,1,4,3,2,4,1,0,1,1,1,1,0,1,3,4,3,2,11,10,11,0,4,3,2,3,1
591,0,0,16,1,1,3,3,3,4,1,0,1,1,1,1,1,1,4,2,3,2,11,12,13,0,0,3,1,2,0
592,0,1,17,1,1,2,4,3,3,3,1,1,1,0,1,0,1,5,4,2,2,17,18,17,0,0,5,2,3,1
593,0,1,17,1,1,3,3,4,4,3,0,1,1,1,1,1,0,5,3,3,2,14,13,14,0,32,1,2,3,1
594,0,1,16,1,1,3,2,4,4,3,0,1,1,1,1,0,1,1,2,2,2,14,15,16,0,8,1,1,2,0
595,0,0,17,1,1,3,3,3,3,4,0,1,1,1,1,1,1,4,3,4,2,11,13,14,0,6,4,2,3,1
596,0,0,16,1,1,1,2,3,3,4,0,1,1,1,1,1,1,3,3,3,1,10,9,11,0,0,3,1,2,0
597,0,0,16,1,1,2,1,4,4,0,0,1,1,1,1,1,0,4,2,3,2,13,14,16,0,0,5,1,2,0
598,0,1,17,1,0,3,3,1,4,3,0,1,0,1,1,1,1,3,3,3,2,12,13,14,0,10,3,1,3,1
599,0,0,17,0,1,1,2,0,4,1,0,1,1,0,1,0,1,3,1,3,2,9,9,10,0,6,3,1,5,1
600,0,1,16,1,1,2,3,3,3,0,0,1,1,1,1,0,1,4,3,3,2,12,12,13,0,6,2,1,1,0
601,0,1,17,1,1,1,1,0,3,0,0,1,1,1,1,0,1,5,3,3,2,12,11,12,0,0,3,1,1,0
602,0,0,17,1,1,1,2,0,3,4,4,2,0,1,1,0,1,4,4,4,2,10,11,12,0,16,5,4,5,1
603,0,0,16,0,1,3,3,3,3,3,0,1,1,1,1,0,1,4,3,2,1,11,10,10,0,0,5,3,4,1
604,0,0,16,1,1,2,3,4,4,1,1,2,1,1,1,0,1,5,3,3,1,13,12,12,0,0,3,1,1,0
605,0,1,17,1,1,2,4,3,3,0,1,1,1,1,1,1,0,4,3,2,2,14,15,16,0,8,5,1,1,0
606,0,0,17,1,1,4,4,3,2,1,0,1,1,1,1,0,1,5,2,3,1,13,13,14,0,4,5,1,2,0
607,0,0,16,0,1,3,3,2,4,1,1,3,1,1,1,0,0,3,3,4,1,10,11,12,0,16,3,3,5,1
608,0,1,17,1,1,4,4,3,2,1,0,2,1,1,1,0,1,4,2,4,1,14,15,16,1,30,2,2,3,1
609,0,1,16,1,1,4,4,2,2,3,0,1,1,1,1,0,0,4,5,2,2,11,10,11,0,0,3,1,2,0
610,0,1,16,1,1,4,3,1,4,1,0,1,1,1,1,0,1,4,3,5,2,14,14,15,0,2,2,1,5,1
611,0,1,16,1,1,2,3,4,4,3,0,1,1,0,1,0,1,4,4,3,2,11,12,12,0,4,4,1,3,1
612,0,1,17,1,1,1,1,4,4,0,0,1,0,0,1,0,1,4,4,4,2,14,15,15,0,0,1,1,3,1
613,0,1,17,0,1,2,2,4,4,3,0,1,1,1,1,0,1,5,3,2,1,13,13,13,0,21,3,1,2,0
614,0,1,16,0,1,2,2,3,3,3,0,2,0,1,1,0,1,5,3,5,4,13,13,13,0,6,5,1,1,0
615,0,1,17,1,1,3,4,0,3,1,0,1,1,1,1,1,1,4,4,3,3,8,9,8,1,14,5,3,4,1
616,0,1,16,1,0,3,1,3,4,0,0,1,1,1,1,0,1,2,3,3,2,11,11,12,0,2,4,2,2,1
617,0,1,16,1,1,4,3,2,4,4,0,1,1,1,1,1,1,1,3,2,2,14,15,15,0,4,1,1,1,0
618,0,1,16,1,1,1,1,0,4,1,0,2,1,0,1,0,1,4,3,2,1,12,13,13,0,2,5,1,4,1
619,0,1,17,0,1,4,3,2,4,3,0,2,1,1,1,1,1,4,4,2,3,11,12,12,0,0,4,1,1,0
620,0,1,19,1,1,3,3,4,4,3,4,1,1,1,1,0,1,4,3,3,4,12,12,12,0,4,3,1,2,0
621,0,0,17,1,1,4,4,3,4,1,0,1,1,1,1,1,0,5,3,5,2,13,12,12,0,15,3,4,5,1
622,0,1,16,1,0,2,2,4,4,3,0,1,1,1,1,0,1,3,3,4,2,13,13,13,0,0,4,1,1,0
623,0,0,18,1,1,2,2,3,4,1,0,1,1,1,1,0,1,4,4,4,2,12,11,11,0,10,5,2,4,1
624,0,1,17,0,1,4,4,3,4,4,0,1,1,0,1,0,0,5,2,1,1,12,11,11,0,6,3,1,2,0
625,0,1,17,1,1,3,2,4,4,3,0,2,1,1,1,0,0,4,4,4,2,14,16,15,0,2,1,1,3,1
626,0,1,17,1,1,4,3,4,4,3,0,1,1,1,1,1,1,3,4,5,2,11,9,10,0,16,1,2,4,1
627,0,0,18,1,1,3,3,3,1,1,1,1,1,1,1,0,0,3,2,4,2,10,10,10,0,10,4,2,4,1
628,0,1,17,1,1,2,3,0,4,1,1,2,1,0,1,0,1,3,3,3,1,12,13,13,0,4,3,1,4,1
629,0,1,17,1,1,2,2,0,0,0,0,1,1,1,1,0,1,4,3,3,3,12,12,13,0,0,4,1,1,0
630,0,1,17,0,1,2,1,0,3,3,0,2,1,1,1,0,1,4,2,5,2,11,10,11,0,0,5,1,2,0
631,0,1,17,1,1,1,1,0,4,3,0,1,1,0,1,1,1,4,3,4,3,12,12,12,0,12,5,1,1,0
632,0,1,16,1,1,2,3,3,2,4,0,1,1,1,1,0,1,2,3,1,2,13,13,14,0,0,3,1,1,0
633,0,0,18,1,1,2,2,4,4,1,0,2,1,1,1,0,1,3,3,3,2,10,9,10,3,9,4,5,5,1
634,0,1,16,1,1,4,4,2,3,1,0,1,0,1,1,0,1,5,3,2,3,15,16,16,0,4,5,1,1,0
635,0,1,18,0,1,3,1,4,4,3,0,1,1,1,1,1,1,5,3,3,2,8,8,8,0,4,4,1,1,0
636,0,1,17,1,1,3,2,4,4,0,0,1,0,1,1,0,1,5,3,4,2,17,18,17,0,2,3,1,3,1
637,0,0,17,1,1,2,3,3,3,3,1,1,0,1,1,0,0,5,3,3,2,10,11,11,0,0,3,1,3,1
638,0,0,18,1,1,2,1,0,4,0,0,4,1,1,1,1,0,4,3,2,2,9,10,11,0,2,3,4,5,1
639,0,1,17,1,0,2,1,4,4,0,0,2,1,1,1,1,1,3,2,3,3,15,15,16,0,0,3,1,2,0
640,0,1,17,1,1,4,3,1,4,3,1,1,1,1,1,1,0,3,2,3,2,14,12,12,0,0,3,1,2,0
641,0,0,17,0,1,2,2,4,4,0,1,2,1,1,1,0,1,4,5,2,2,12,13,13,0,0,1,1,1,0
642,0,0,17,1,1,4,4,2,2,3,0,1,1,1,1,1,1,4,5,5,2,13,13,13,0,0,2,1,3,1
643,0,0,16,1,1,4,4,1,4,3,1,1,1,1,1,0,1,4,2,4,2,13,13,14,0,0,1,2,4,1
644,0,0,16,1,1,1,1,4,4,1,0,2,1,1,1,0,0,3,4,2,2,9,9,9,0,2,5,1,1,0
645,0,0,16,1,1,3,2,0,4,3,0,2,1,1,1,1,1,5,3,3,3,12,12,12,0,0,2,1,3,1
646,0,0,17,1,1,2,2,4,4,1,1,1,0,1,1,1,0,4,4,2,2,16,16,16,0,0,4,5,5,1
647,0,1,16,1,1,2,1,4,4,1,0,1,1,1,1,1,1,4,5,2,1,9,10,10,0,4,5,1,1,0
648,0,1,16,1,0,4,1,4,4,1,0,1,1,1,1,1,1,5,3,3,2,14,13,13,0,0,5,1,2,0
649,0,1,18,1,0,2,4,3,4,0,0,2,1,1,1,0,0,4,3,3,2,10,10,10,1,18,3,1,1,0
650,0,1,18,1,1,2,2,0,3,0,0,1,0,1,1,1,0,5,3,1,2,9,8,10,1,16,5,1,1,0
651,0,1,18,1,1,3,3,4,4,0,0,2,1,1,0,0,1,4,1,1,1,8,7,7,1,14,3,1,1,0
652,0,0,18,1,1,2,2,4,0,0,4,1,0,1,0,1,1,4,4,3,1,7,8,8,1,26,1,2,2,1
653,0,0,17,1,1,4,4,2,2,0,0,1,0,1,1,0,1,4,2,1,1,10,8,9,0,6,5,1,2,0
654,0,1,17,1,1,3,2,4,4,0,1,1,1,0,1,0,1,5,4,2,2,14,14,15,0,4,3,1,1,0
655,0,1,17,1,1,1,1,0,0,0,0,1,1,1,1,1,0,4,3,2,3,11,10,10,0,10,4,1,2,0
656,0,1,16,1,1,1,2,4,4,0,0,1,1,1,0,0,1,5,3,5,1,12,11,11,0,4,5,1,2,0
657,0,1,17,0,1,2,1,0,3,0,0,3,1,0,1,0,1,2,1,1,2,13,13,13,0,2,3,1,1,0
658,0,1,17,0,0,1,4,4,4,0,4,4,1,1,1,0,0,5,5,4,1,9,9,8,1,14,5,1,1,0
659,0,0,18,1,1,2,2,4,3,3,1,1,1,1,0,0,1,5,5,4,2,8,7,8,0,16,2,3,5,1
660,0,1,17,1,0,2,2,4,4,1,0,1,0,1,0,0,0,3,1,2,1,11,9,10,1,8,1,1,1,0
661,0,1,17,0,1,1,1,0,4,0,0,2,1,1,1,0,0,4,3,3,3,15,14,15,0,4,5,1,3,1
662,0,1,17,1,0,4,2,2,4,0,0,1,1,0,1,0,0,4,3,2,2,15,14,14,0,4,4,1,1,0
663,0,0,17,1,1,4,3,1,4,0,0,2,1,1,1,1,0,2,5,5,2,15,15,15,0,8,5,1,4,1
664,0,0,17,0,0,4,4,2,4,0,0,2,1,1,1,0,0,3,3,3,2,12,12,12,0,0,4,2,3,1
665,0,0,16,1,1,4,3,2,4,0,0,1,0,1,1,0,0,5,4,5,1,14,14,15,0,7,3,1,1,0
666,0,0,16,1,1,4,4,3,3,0,0,1,1,1,1,0,1,5,3,2,1,14,15,15,0,4,5,1,2,0
667,0,1,17,1,1,4,4,2,3,0,0,1,1,1,1,1,1,5,3,1,2,11,11,12,0,2,5,1,4,1
668,0,0,17,0,1,1,1,4,4,1,1,2,0,1,1,1,1,4,3,3,3,13,14,15,0,2,1,1,1,0
669,0,1,17,1,1,3,3,3,4,1,0,2,1,1,1,1,1,4,2,2,3,11,11,11,0,10,5,2,3,1
670,0,1,17,1,1,1,1,0,4,0,0,1,0,0,1,1,1,4,3,2,2,10,9,10,0,10,4,1,1,0
671,0,1,18,1,1,2,1,4,4,0,4,2,0,1,1,1,1,4,4,4,3,12,10,11,0,10,3,1,1,0
672,0,0,16,1,1,2,1,4,4,0,0,3,1,1,1,0,1,4,3,3,1,15,16,16,0,7,4,1,1,0
673,0,1,17,1,1,1,1,4,3,0,1,1,1,0,1,0,1,4,3,4,2,11,10,11,0,4,5,1,2,0
674,0,0,17,1,1,2,3,4,4,0,1,2,1,1,1,0,1,5,2,2,1,9,12,13,0,2,2,1,1,0
675,0,0,22,1,1,3,1,3,3,4,0,1,0,1,0,1,1,5,4,5,1,7,8,5,3,12,1,5,5,1
676,0,0,18,0,1,3,3,4,3,0,0,1,1,1,1,1,0,4,3,3,2,10,9,10,0,8,5,1,3,1
677,0,0,16,1,1,0,2,4,4,4,0,1,0,1,1,0,1,4,3,2,1,11,12,11,0,0,5,2,4,1
678,0,0,18,1,1,3,2,3,4,0,0,2,1,1,0,0,1,4,4,5,1,7,8,7,0,8,5,2,4,1
679,0,0,16,1,1,3,3,0,4,3,4,3,0,1,1,0,1,5,3,3,2,9,11,10,1,4,2,1,3,1
680,0,0,18,1,1,2,1,3,3,4,0,1,0,1,0,0,1,3,2,5,1,7,8,6,2,4,5,2,5,1
681,0,0,16,0,1,2,1,4,4,0,0,2,0,0,1,0,1,3,3,2,1,14,13,12,0,2,3,1,3,1
682,0,0,17,0,1,2,1,4,4,0,0,1,0,1,1,0,1,4,4,2,1,12,12,13,0,0,5,2,4,1
683,0,0,17,1,1,1,1,1,4,0,0,2,1,1,1,0,0,4,4,4,1,9,10,10,1,0,5,1,2,0
684,0,1,18,1,0,2,1,4,4,0,0,1,0,1,1,1,0,4,3,4,2,12,12,13,0,2,5,1,3,1
685,0,1,17,1,1,4,2,2,3,3,0,1,1,1,1,0,0,4,2,3,4,14,15,17,0,2,4,1,1,0
686,0,1,19,1,1,2,2,3,3,1,0,1,1,1,1,0,1,4,3,3,2,10,10,11,0,0,5,1,1,0
687,0,0,18,1,1,2,1,3,4,0,0,3,0,1,0,0,0,4,4,5,2,11,10,11,1,4,5,4,4,1
688,0,1,17,0,1,4,2,4,4,0,0,1,1,1,1,0,1,4,3,4,3,11,12,14,0,2,5,1,3,1
689,0,1,18,1,1,1,1,4,0,1,0,1,0,0,1,0,0,4,4,3,3,11,12,14,0,4,3,2,3,1
690,0,1,18,0,1,2,2,4,4,1,0,1,1,0,1,0,1,3,2,3,2,11,11,13,0,4,5,1,1,0
691,0,0,19,1,0,4,3,3,0,3,0,1,1,1,1,0,0,4,3,1,2,11,13,14,0,4,1,1,1,0
692,0,0,18,1,1,2,1,4,4,1,0,1,1,1,1,0,1,5,2,4,2,16,16,16,0,2,4,1,2,0
693,0,0,17,0,1,2,2,4,3,4,0,2,0,0,0,0,1,5,2,2,1,9,10,10,0,0,4,1,1,0
694,0,1,17,1,1,2,2,3,3,0,1,1,1,1,1,1,0,3,4,1,4,10,11,12,0,2,2,1,1,0
695,0,1,20,0,1,2,1,4,4,0,4,2,1,1,0,1,1,1,2,3,2,10,12,12,0,8,2,1,2,0
696,0,1,18,1,1,4,3,3,4,1,1,1,1,1,1,1,1,3,1,2,2,15,15,15,0,2,2,1,3,1
697,0,0,18,1,1,4,3,2,4,0,0,1,0,1,1,0,1,4,3,2,2,10,10,11,0,2,3,1,1,0
698,0,0,18,0,1,3,2,4,4,0,0,1,0,0,1,0,1,5,3,2,3,10,11,12,0,2,3,1,1,0
699,0,1,17,1,1,3,3,4,4,1,0,1,0,0,1,0,1,3,2,3,3,15,12,13,0,2,4,1,1,0
700,0,1,18,1,1,2,2,0,3,1,0,1,1,1,1,1,1,4,3,3,3,11,12,13,0,0,3,1,1,0
701,0,0,17,1,1,2,2,4,4,1,1,2,1,1,0,0,1,4,4,4,1,8,8,9,0,8,4,2,3,1
702,0,0,18,0,0,3,4,4,4,3,0,2,1,1,1,0,0,4,2,5,2,15,16,16,0,6,1,3,4,1
703,0,0,17,1,1,3,1,3,4,4,0,1,1,1,1,1,1,5,4,4,2,11,11,14,0,0,5,3,4,1
704,0,1,18,0,1,4,4,2,4,3,0,2,1,1,1,0,1,4,3,4,2,10,11,12,0,8,4,2,2,1
705,0,0,18,1,1,4,2,1,4,3,1,1,1,1,1,1,1,5,4,5,2,10,12,14,0,4,5,1,3,1
706,0,1,18,0,1,2,1,4,4,3,0,2,1,1,0,1,1,4,3,5,2,8,9,10,0,12,3,1,2,0
707,0,1,19,1,1,3,3,4,3,1,4,1,1,1,1,0,1,4,3,5,2,11,12,12,0,16,5,3,3,1
708,0,1,18,1,1,2,3,4,3,3,1,1,1,1,1,1,1,4,5,5,4,16,16,16,0,10,2,1,3,1
709,0,1,18,1,1,1,1,4,4,1,0,2,0,0,1,0,0,4,4,3,2,13,13,13,0,2,3,1,1,0
710,0,0,17,0,1,1,2,0,0,1,0,1,0,0,1,1,1,3,5,2,2,16,17,18,0,2,1,2,2,1
711,0,1,18,1,1,2,1,4,4,1,0,1,1,1,1,1,1,4,2,5,2,14,14,15,0,8,1,1,2,0
712,0,1,17,1,1,2,4,0,1,3,0,2,1,1,1,1,1,4,3,3,2,15,16,16,0,6,1,1,1,0
713,0,1,17,1,1,2,2,3,4,0,0,2,1,1,1,1,0,4,4,4,2,12,12,12,0,6,5,2,3,1
714,0,1,18,0,0,3,2,4,3,1,0,2,0,1,0,1,1,4,1,1,2,12,9,10,0,15,5,1,1,0
715,0,0,18,1,1,4,4,2,3,1,0,2,1,1,1,0,1,3,2,4,1,11,12,12,0,6,3,1,4,1
716,0,1,18,1,1,4,4,1,1,3,1,1,1,1,1,1,1,2,4,4,2,14,12,13,1,2,4,1,1,0
717,0,1,17,1,1,2,2,4,3,3,1,3,1,1,1,1,1,4,2,3,3,13,15,15,0,8,1,1,1,0
718,0,1,19,0,1,3,2,3,3,3,1,1,1,1,0,0,1,3,3,3,2,9,8,10,1,0,3,4,3,1
719,0,0,18,1,1,4,3,2,3,0,0,2,1,1,1,0,0,4,2,3,1,10,10,10,0,0,1,1,2,0
720,0,0,18,1,1,1,2,0,4,1,4,2,0,1,0,0,1,3,4,4,1,10,10,11,0,10,4,2,4,1
721,0,0,17,1,0,4,1,3,4,1,0,2,1,1,1,1,0,4,5,4,1,11,11,10,0,22,5,2,4,1
722,0,0,17,1,0,3,2,2,3,1,0,1,1,1,1,0,0,4,4,4,1,13,13,13,0,18,3,3,4,1
723,0,1,18,0,1,1,1,0,4,3,0,2,1,0,1,0,0,5,2,2,4,17,17,18,0,2,3,1,1,0
724,0,1,18,1,1,1,1,4,4,1,0,2,1,1,1,0,1,5,4,4,2,12,13,13,0,0,4,1,1,0
725,0,1,17,1,1,2,2,4,4,0,0,1,0,1,1,0,1,5,4,5,2,12,12,14,0,12,5,1,2,0
726,0,1,18,1,1,2,1,4,4,3,0,2,1,1,1,1,1,4,3,1,2,12,13,14,0,10,5,1,1,0
727,0,0,17,1,1,1,1,4,4,3,1,1,0,1,1,0,1,4,3,3,2,12,12,12,0,0,4,1,2,0
728,0,1,18,1,1,2,2,0,0,4,0,1,1,1,1,0,1,4,3,3,3,18,18,18,0,0,2,1,2,0
729,0,1,17,1,1,1,1,3,2,3,0,1,1,1,1,0,1,4,3,3,3,13,13,14,0,0,3,1,1,0
730,0,0,18,1,1,2,1,3,3,3,0,1,1,1,1,0,1,4,2,4,3,14,15,15,0,0,2,1,3,1
731,0,0,18,1,0,4,4,2,2,3,0,1,1,1,1,0,0,5,4,3,2,17,17,17,0,0,2,1,1,0
732,0,0,18,1,1,4,2,2,4,1,0,1,1,1,1,1,1,4,3,2,2,15,16,16,0,2,5,1,4,1
733,0,1,17,1,1,4,3,1,3,3,0,1,1,1,1,0,1,4,2,2,3,17,18,18,0,0,3,1,2,0
734,0,1,17,0,1,3,1,3,4,3,0,2,1,0,1,0,0,3,1,2,4,18,19,19,0,0,3,1,1,0
735,0,0,18,0,1,3,2,3,4,3,0,2,1,1,1,0,0,5,4,2,3,14,15,15,0,0,4,1,1,0
736,0,0,17,1,1,3,3,1,4,1,0,1,1,1,1,0,1,4,4,3,1,14,15,15,0,0,5,1,3,1
737,0,1,19,1,1,4,4,1,4,3,4,2,1,1,1,0,1,2,3,4,2,14,13,13,0,2,2,2,3,1
738,0,1,18,1,1,4,3,4,4,1,4,2,1,1,1,1,0,4,4,5,2,13,14,14,0,0,2,1,2,0
739,0,1,18,1,1,4,3,4,4,3,1,1,1,1,1,0,1,4,3,3,4,16,17,17,0,0,3,1,1,0
740,0,0,18,1,1,4,4,2,2,1,0,1,1,1,1,1,0,1,4,2,1,18,18,17,0,0,1,2,2,1
741,0,1,18,1,0,4,4,1,4,1,0,1,1,1,1,1,0,4,2,4,2,14,15,15,0,0,4,1,1,0
742,0,0,17,1,1,4,4,4,2,1,1,2,1,1,1,0,0,4,1,1,1,12,13,13,0,0,5,2,2,1
743,0,1,17,0,1,4,4,3,3,3,0,2,1,1,1,0,1,5,3,4,3,7,7,8,0,0,5,1,1,0
744,0,1,17,1,1,4,2,4,4,3,0,2,1,1,1,0,1,4,3,3,3,16,16,16,0,0,3,1,1,0
745,0,1,17,1,1,3,2,1,1,3,1,1,0,1,1,0,1,5,2,2,4,18,18,18,0,0,5,1,2,0
746,0,0,19,0,1,2,1,0,3,0,0,2,1,1,1,1,0,4,3,1,3,9,10,11,1,0,5,1,1,0
747,0,0,20,1,0,3,2,3,4,0,4,1,1,0,1,0,1,5,5,3,1,14,15,15,2,0,5,1,1,0
748,0,0,19,0,1,3,3,4,3,3,1,1,1,0,1,1,1,4,5,3,2,10,10,11,0,0,5,1,2,0
749,0,1,18,1,1,1,4,4,2,1,0,1,0,0,1,1,1,3,4,4,2,10,10,11,0,2,5,1,2,0
750,0,1,18,1,1,2,1,3,4,0,0,2,1,1,1,0,1,5,3,3,2,12,12,15,0,2,1,1,2,0
751,0,1,17,1,1,2,3,4,4,0,1,2,1,1,1,1,1,4,2,1,2,11,12,14,0,2,3,1,1,0
752,0,1,17,0,1,4,4,2,2,0,0,1,1,1,1,0,1,4,4,4,1,15,16,17,0,2,5,1,1,0
753,0,1,18,1,1,4,3,4,4,0,0,1,1,1,1,1,1,4,3,4,3,14,15,17,0,2,5,1,1,0
754,0,1,18,1,1,4,3,1,3,0,0,2,1,1,1,0,0,3,2,4,1,12,12,15,0,8,1,1,4,1
755,0,1,17,0,1,3,4,0,3,0,1,1,0,1,1,0,1,4,3,4,3,15,15,17,0,2,5,2,5,1
756,0,1,18,1,1,3,3,0,4,0,1,1,1,1,1,0,1,4,1,4,2,11,12,14,0,8,3,1,1,0
757,0,0,19,1,1,4,2,1,4,0,0,2,1,1,1,1,1,5,4,4,2,11,10,10,0,9,1,1,1,0
758,0,1,18,1,1,4,4,2,4,0,0,1,1,1,1,0,1,4,4,4,2,12,11,13,0,0,5,3,3,1
759,0,1,18,1,1,3,4,4,4,0,0,1,1,1,1,1,1,5,4,4,1,11,12,14,0,4,1,1,1,0
760,0,1,17,1,1,4,4,1,1,0,0,1,1,1,1,0,1,5,3,4,1,14,15,17,0,2,5,1,2,0
761,0,1,17,1,0,4,3,3,3,0,0,1,1,1,1,1,1,5,2,2,2,15,14,17,0,14,5,1,2,0
762,0,1,17,1,0,3,3,3,4,1,0,1,1,1,1,0,0,5,3,3,2,12,12,13,0,0,5,1,1,0
763,0,1,17,1,1,2,1,4,4,1,1,1,1,1,1,0,0,4,2,3,2,11,12,14,0,2,2,2,2,1
764,0,0,18,1,1,4,4,4,4,3,1,1,1,1,1,0,0,4,2,5,1,8,9,11,0,2,5,3,4,1
765,0,1,19,1,1,1,1,4,4,0,4,3,1,0,0,1,1,1,5,5,3,10,10,11,0,12,5,4,3,1
766,0,1,19,1,0,1,1,4,4,0,4,3,0,1,1,1,0,5,3,4,2,8,8,9,2,2,4,1,1,0
767,0,1,18,1,1,2,2,4,4,0,0,1,1,1,1,1,1,4,3,5,1,10,10,10,0,2,5,2,4,1
768,0,1,17,1,1,2,2,4,4,0,0,1,1,0,1,1,1,4,2,2,2,14,13,13,0,4,3,1,1,0
769,0,1,17,0,1,2,2,3,3,0,0,1,1,1,1,0,0,3,3,2,3,11,11,10,0,0,3,2,2,1
770,0,1,17,1,1,3,1,3,3,0,1,1,0,1,1,0,1,3,4,3,3,17,18,17,0,0,5,2,3,1
771,0,1,17,1,1,0,2,0,0,1,1,2,1,1,1,0,0,3,3,3,3,14,14,15,0,0,2,2,3,1
772,0,1,18,1,1,1,1,4,4,1,0,2,1,1,1,0,1,4,5,5,3,14,14,14,0,0,2,1,2,0
773,0,0,18,1,1,4,4,4,4,0,0,1,1,1,1,0,1,4,3,3,3,13,14,13,0,0,3,2,2,1
774,0,0,17,1,1,3,3,4,3,3,0,1,0,1,1,0,1,4,3,5,1,17,18,17,0,0,5,3,5,1
775,0,0,17,0,1,2,2,3,4,0,0,4,1,1,1,0,1,4,4,5,1,11,10,10,0,2,4,5,5,1
776,0,1,17,1,1,4,4,2,3,0,0,1,1,1,1,0,1,5,4,4,3,13,12,13,0,0,4,1,3,1
777,0,1,17,1,1,4,4,2,2,0,0,2,0,1,1,1,1,4,3,3,3,15,14,15,0,4,4,1,2,0
778,0,1,17,1,1,3,3,0,4,0,0,1,1,1,1,0,1,4,2,5,1,11,12,11,0,2,5,2,5,1
779,0,0,18,1,1,2,2,4,4,0,0,1,1,1,1,0,0,4,5,5,4,11,11,12,0,0,5,2,4,1
780,0,0,19,0,1,3,2,0,3,1,4,1,0,0,1,1,1,5,3,4,1,11,10,10,0,0,5,2,2,1
781,0,1,18,1,1,2,2,0,4,0,0,4,1,0,1,1,1,4,2,5,2,10,9,10,0,2,2,1,1,0
782,0,1,17,0,1,2,4,0,4,0,1,1,1,1,1,1,1,4,4,3,3,15,15,15,0,0,5,1,1,0
783,0,0,18,1,1,2,2,4,4,3,0,1,0,1,1,0,1,5,4,2,1,15,14,15,0,6,5,1,2,0
784,0,1,18,1,1,3,3,3,3,1,0,1,1,1,1,0,1,5,3,4,2,10,11,12,0,8,4,1,1,0
785,0,1,18,1,1,2,2,4,4,1,4,1,0,1,1,1,0,4,3,3,2,10,9,12,0,0,2,1,1,0
786,0,1,18,0,1,2,2,0,4,0,0,2,1,0,1,0,1,4,4,4,4,14,13,14,0,6,4,1,1,0
787,0,1,17,1,1,3,4,3,4,0,0,1,1,1,1,0,1,4,4,5,3,11,13,14,0,8,5,1,3,1
788,0,1,17,1,1,3,2,4,4,1,0,1,1,1,1,1,1,4,3,2,2,12,13,15,0,0,2,2,3,1
789,0,1,18,1,1,3,3,3,3,1,0,1,1,1,1,0,0,5,3,3,4,14,14,15,0,4,1,1,1,0
790,0,1,17,0,0,3,2,4,4,1,0,1,1,1,1,0,1,4,3,3,2,14,14,16,0,0,2,2,3,1
791,0,0,18,1,1,4,4,2,3,1,1,1,1,1,1,0,1,4,3,3,2,12,12,13,0,0,2,2,2,1
792,0,0,18,1,1,3,4,3,4,1,0,1,1,1,1,1,0,4,3,3,2,16,16,17,0,6,5,1,3,1
793,0,1,17,1,0,2,2,0,0,1,1,1,1,1,1,1,1,3,3,1,2,10,12,14,0,18,4,1,2,0
794,0,1,18,1,1,2,3,0,4,0,0,1,1,1,1,0,1,4,3,3,3,11,12,14,0,0,3,1,2,0
795,0,1,18,1,1,3,2,4,3,4,0,1,1,1,1,1,1,5,4,3,3,14,16,17,0,4,1,2,3,1
796,0,0,18,0,1,4,3,2,3,0,0,1,1,1,1,1,1,5,3,2,3,15,14,17,0,4,4,1,2,0
797,0,0,18,1,1,4,3,2,4,0,0,1,1,1,1,1,1,5,4,5,3,14,13,14,0,0,5,2,3,1
798,0,1,17,1,1,4,3,1,4,3,0,1,1,1,1,1,1,4,4,3,3,11,12,13,0,0,4,1,3,1
799,0,1,17,1,1,2,1,3,4,0,0,2,1,1,1,1,1,4,3,4,2,12,15,15,0,10,1,2,2,1
800,0,1,17,1,1,2,1,3,4,3,0,1,1,1,1,0,1,4,3,5,2,12,16,16,0,4,4,2,4,1
801,0,1,19,1,0,2,3,0,4,1,4,2,1,1,0,0,0,2,2,3,1,10,11,11,1,16,5,3,4,1
802,0,1,17,1,1,3,1,4,0,1,0,1,1,1,1,1,1,4,1,2,1,10,13,13,1,6,3,1,1,0
803,0,1,21,1,1,4,4,4,4,3,4,1,1,1,1,0,0,3,3,2,3,9,12,12,2,0,5,1,1,0
804,0,0,18,1,1,2,2,3,3,3,0,1,0,1,0,0,0,4,4,4,2,9,11,12,0,11,3,1,3,1
805,0,0,18,1,0,3,4,4,4,3,4,1,1,1,1,1,0,4,3,5,2,13,14,15,0,9,2,1,4,1
806,0,1,17,1,1,2,2,3,3,3,0,1,1,1,1,0,1,4,3,4,2,13,17,17,0,0,4,1,3,1
807,0,0,17,1,0,4,4,1,4,3,0,1,1,1,1,0,0,4,4,2,3,12,15,15,0,2,4,1,2,0
808,0,1,18,1,1,4,2,2,4,0,0,1,1,1,1,0,0,4,2,2,2,14,17,17,0,0,3,1,1,0
809,0,0,21,0,1,1,1,0,4,0,4,2,1,1,0,1,0,5,3,3,2,9,10,10,2,21,4,5,2,1
810,0,1,20,0,1,1,1,4,4,3,4,2,1,1,1,1,1,3,2,2,3,11,15,15,0,8,3,1,3,1
811,0,1,19,1,1,4,4,2,4,1,4,1,1,1,1,1,1,3,2,5,1,9,10,11,1,5,5,4,4,1
812,0,0,17,1,0,3,2,4,4,3,0,1,1,1,1,0,0,4,4,4,2,16,18,18,0,10,5,1,2,0
813,0,1,18,1,1,3,2,0,4,3,1,1,1,1,1,1,1,4,3,4,3,14,17,17,0,5,2,1,2,0
814,0,0,18,0,1,2,3,4,3,3,1,1,1,1,1,0,1,3,1,3,1,13,14,14,0,13,4,4,5,1
815,0,0,19,1,1,2,1,4,4,3,0,1,1,1,1,0,1,5,3,4,1,7,11,11,0,10,4,1,4,1
816,0,1,18,1,0,2,2,3,4,3,0,2,1,1,1,0,0,4,1,4,2,14,17,17,0,10,4,1,3,1
817,0,1,20,1,1,1,0,4,4,3,0,2,1,1,1,1,1,5,3,1,1,8,10,10,1,5,5,1,1,0
818,0,1,18,1,1,3,2,3,4,1,0,1,0,1,1,1,1,3,1,2,2,10,13,13,0,4,1,1,2,0
819,1,1,16,1,1,1,3,0,4,4,1,2,1,1,0,1,1,4,3,3,1,10,11,11,0,11,5,1,3,1
820,1,1,16,0,1,2,2,4,4,0,0,2,1,1,1,0,1,4,4,4,2,12,12,12,0,0,5,1,1,0
821,1,1,15,0,1,1,1,0,3,4,0,1,1,0,1,1,1,4,1,3,1,10,10,10,1,6,2,1,1,0
822,1,1,15,0,1,3,3,0,4,0,0,2,1,1,1,0,1,5,4,4,1,10,10,11,0,4,5,2,3,1
823,1,1,16,0,1,2,3,0,3,0,0,2,1,0,1,0,1,4,5,2,2,16,17,17,0,0,5,1,2,0
824,1,1,15,0,1,2,1,0,4,1,0,2,1,0,0,0,0,1,3,4,1,6,8,9,0,0,1,1,1,0
825,1,0,16,0,0,4,4,0,4,1,0,1,1,0,1,0,0,5,3,2,2,10,11,11,0,5,2,1,3,1
826,1,0,16,1,0,1,2,4,4,4,0,1,1,1,1,0,1,4,4,3,3,10,11,11,0,0,5,1,1,0
827,1,1,17,0,1,3,2,0,4,0,1,1,1,0,1,1,1,4,5,4,2,10,10,10,1,0,5,1,2,0
828,1,1,17,0,1,1,1,4,4,4,1,1,0,1,0,0,1,5,4,4,1,6,6,7,1,0,5,2,2,1
829,1,1,15,0,1,4,4,2,4,0,0,2,1,1,1,1,1,1,5,1,1,13,14,14,0,0,5,3,5,1
830,1,1,16,1,0,2,2,0,4,3,0,2,0,0,0,1,0,1,2,1,4,10,9,11,0,4,1,1,1,0
831,1,1,15,0,1,1,1,0,3,3,1,2,1,1,1,0,0,5,4,3,2,10,10,10,0,0,4,1,2,0
832,1,1,15,0,1,1,1,4,3,0,0,2,1,1,1,1,0,4,4,3,1,6,7,8,1,4,2,1,2,0
833,1,1,16,0,1,0,2,4,4,4,0,2,1,0,1,0,1,3,2,3,1,12,11,12,0,0,2,1,2,0
834,1,1,17,0,1,2,3,4,4,0,0,2,1,1,1,0,1,5,5,5,1,10,11,12,0,2,3,1,3,1
835,1,1,15,0,1,3,3,4,3,0,1,2,0,1,1,0,1,4,1,3,1,14,16,16,0,0,4,1,1,0
836,1,0,16,1,1,1,1,0,3,1,0,2,1,0,1,1,1,5,4,5,2,7,0,0,0,0,3,4,5,1
837,1,0,17,1,1,1,1,4,4,1,0,1,0,1,1,0,1,4,4,3,2,8,9,9,0,4,5,2,4,1
838,1,0,15,0,1,4,1,1,3,3,1,1,1,1,1,0,0,5,3,4,2,12,13,14,0,0,2,1,2,0
839,1,0,15,0,1,4,1,1,3,3,1,1,1,1,1,0,0,5,3,4,2,7,9,8,0,7,2,1,2,0
840,1,0,16,0,1,3,4,4,1,4,0,3,0,0,1,0,1,3,4,5,2,9,10,11,0,4,5,1,2,0
841,1,0,15,0,1,1,1,4,4,0,0,4,1,0,1,1,1,5,4,5,2,7,9,9,0,8,4,2,4,1
842,1,0,15,1,1,3,3,0,0,3,1,1,1,1,1,0,0,5,3,3,2,11,11,11,0,0,5,1,1,0
843,1,0,17,0,1,2,1,4,4,4,0,3,1,0,0,1,1,5,5,5,1,8,10,9,0,8,3,5,5,1
844,1,1,16,0,1,4,4,2,2,0,0,2,1,1,1,1,1,4,2,2,3,16,16,17,0,6,4,1,1,0
845,1,1,15,0,1,1,2,4,3,0,0,2,1,0,1,0,1,5,1,2,1,11,13,13,0,3,1,1,1,0
846,1,1,16,0,1,2,3,4,3,0,0,3,1,1,1,0,1,4,5,4,2,15,15,15,0,2,1,1,2,0
847,1,0,16,0,1,1,2,4,4,0,1,2,1,0,1,0,1,4,3,3,2,10,11,11,0,0,5,1,1,0
848,1,1,16,0,1,2,2,4,4,0,0,3,1,1,1,0,1,4,4,5,2,9,10,11,0,4,4,1,1,0
849,1,1,16,1,1,1,2,4,3,0,0,1,1,0,1,0,1,1,3,2,3,10,8,8,1,0,4,1,2,0
850,1,1,16,1,1,1,2,4,3,0,0,1,1,0,1,0,1,1,3,2,3,9,8,8,1,3,4,1,2,0
851,1,1,15,1,1,2,1,0,4,1,0,1,0,1,1,0,1,4,4,2,2,9,10,9,0,0,2,3,3,1
852,1,1,16,1,1,1,1,0,4,0,1,1,0,0,1,1,1,5,4,3,2,13,14,15,0,0,2,2,1,0
853,1,0,17,0,1,1,2,0,3,3,0,1,1,1,1,0,0,5,5,5,1,10,11,11,0,4,3,5,5,1
854,1,1,16,0,1,1,1,4,4,1,1,4,0,1,1,0,1,4,3,2,4,13,10,13,0,0,1,1,1,0
855,1,1,16,0,1,1,1,0,4,4,1,4,1,0,1,0,1,4,4,3,3,10,9,10,0,2,5,1,1,0
856,1,1,15,0,1,1,1,0,4,1,1,2,1,1,1,0,1,4,3,3,2,11,10,11,0,1,2,1,1,0
857,1,1,16,0,1,1,1,0,4,4,0,2,1,1,1,1,1,4,2,2,1,13,12,14,0,0,2,4,3,1
858,1,1,15,0,1,1,1,0,0,0,1,3,1,0,1,0,1,4,2,1,2,13,14,14,0,0,2,1,2,0
859,1,1,15,0,1,2,2,4,4,4,1,1,1,0,1,0,0,4,4,3,3,14,11,12,0,2,5,2,2,1
860,1,0,16,0,1,1,1,0,4,4,1,2,1,0,1,0,1,3,4,4,1,11,11,11,0,6,5,3,4,1
861,1,1,18,1,1,1,2,4,4,0,1,1,1,1,1,1,1,3,4,4,2,9,8,8,1,9,5,2,3,1
862,1,0,15,1,1,3,1,4,3,1,0,2,1,0,1,0,1,3,2,3,1,10,9,11,0,0,4,1,3,1
863,1,1,16,0,1,2,2,4,3,0,1,3,1,1,1,0,1,5,3,4,2,14,13,14,0,1,2,1,1,0
864,1,0,15,1,1,2,2,1,4,3,0,3,1,0,1,0,1,4,3,3,1,13,12,13,0,1,4,1,2,0
865,1,0,16,1,1,4,4,4,2,0,1,1,1,0,1,1,1,4,3,1,2,13,12,13,0,0,3,1,1,0
866,1,1,15,0,1,3,3,3,4,3,0,1,1,1,1,1,1,4,5,4,2,13,12,12,0,4,1,1,1,0
867,1,1,16,0,1,2,2,0,4,0,0,2,0,0,1,0,1,4,4,4,2,12,11,12,1,2,5,2,3,1
868,1,1,16,0,1,2,2,4,4,1,1,3,1,0,1,1,0,4,3,2,1,14,14,16,0,0,4,1,1,0
869,1,0,16,1,1,2,1,0,3,0,0,2,1,1,1,0,0,2,4,3,1,10,8,10,0,4,4,2,3,1
870,1,0,15,0,1,1,3,0,4,3,1,3,1,1,1,0,0,4,2,4,1,10,11,11,0,2,3,3,5,1
871,1,1,15,1,1,2,2,4,3,0,0,2,1,0,1,0,1,5,3,2,3,12,13,14,0,0,4,1,1,0
872,1,1,16,0,1,2,1,4,4,1,0,1,1,1,1,1,0,5,4,3,1,10,8,8,0,2,5,1,1,0
873,1,0,15,1,1,3,3,3,3,0,1,2,0,1,1,0,1,4,3,3,1,12,10,11,0,11,3,2,4,1
874,1,1,16,0,1,1,1,0,4,0,1,2,1,0,1,0,1,3,4,3,2,7,7,8,3,0,1,1,1,0
875,1,1,17,1,1,2,2,4,0,0,0,1,1,0,0,0,1,4,5,3,1,9,9,10,0,4,5,1,1,0
876,1,1,19,1,1,2,3,0,3,0,4,1,1,1,0,1,1,4,4,4,1,9,9,10,1,0,2,1,1,0
877,1,1,17,0,1,2,1,0,4,0,0,3,1,0,0,1,1,5,5,3,1,9,10,11,0,2,3,1,1,0
878,1,1,15,0,1,1,1,0,4,0,0,2,1,0,0,1,0,5,2,1,1,9,10,9,0,0,4,1,3,1
879,1,1,16,0,1,2,2,4,4,0,1,3,1,1,0,0,1,3,4,5,2,9,10,11,0,1,1,1,2,0
880,1,1,16,1,0,2,2,4,4,1,0,1,1,0,0,0,0,4,3,4,1,7,7,8,0,6,1,1,2,0
881,1,1,17,0,1,2,2,0,4,0,0,2,1,1,1,0,1,4,3,5,2,11,10,11,0,0,4,1,2,0
882,1,1,16,1,1,2,2,4,3,0,1,1,0,1,1,0,1,4,4,3,1,9,10,10,1,1,3,1,4,1
883,1,1,18,0,0,3,2,4,4,0,4,2,0,0,0,1,0,3,3,2,3,7,9,10,2,6,2,1,1,0
884,1,1,19,1,1,1,1,0,3,0,0,1,1,0,0,1,1,5,3,1,3,7,9,9,1,6,3,1,1,0
885,1,0,18,0,1,1,1,4,4,1,0,2,1,1,0,0,1,4,4,3,1,8,9,10,1,0,4,3,4,1
886,1,1,18,0,1,1,1,0,0,0,0,2,0,1,0,1,1,3,2,3,1,9,11,10,1,4,2,1,1,0
887,1,1,19,1,1,1,1,4,4,0,4,2,1,1,1,1,1,1,1,4,2,7,8,9,1,12,1,4,1,1
888,1,1,16,0,0,2,2,1,4,0,0,1,0,0,1,1,1,3,3,2,2,8,10,10,0,2,3,1,1,0
889,1,1,17,1,1,0,1,4,0,0,1,2,0,0,1,0,1,2,4,4,1,9,9,10,0,5,5,3,5,1
890,1,1,16,0,1,1,2,0,4,0,0,1,1,1,0,0,0,4,4,5,2,8,9,9,0,0,3,1,3,1
891,1,1,16,1,1,3,3,4,4,3,0,1,1,1,0,1,1,4,5,4,1,14,13,13,0,0,4,1,1,0
892,1,1,16,0,1,1,1,3,3,1,0,1,1,1,1,1,0,4,4,4,1,14,14,14,0,2,4,2,2,1
893,1,0,17,1,1,3,3,3,0,0,0,2,1,0,1,0,1,5,4,5,4,10,11,10,1,0,5,3,4,1
894,1,1,16,1,1,2,1,4,3,0,0,1,1,1,1,0,1,5,3,3,2,14,13,14,0,0,1,1,1,0
895,1,1,16,1,1,2,2,3,4,0,0,1,1,0,1,1,1,4,2,5,1,17,16,16,0,0,5,1,2,0
896,1,0,17,1,1,1,2,4,4,0,1,1,1,1,0,1,1,5,3,5,1,6,7,7,1,12,1,5,5,1
897,1,0,16,1,1,4,3,4,4,0,1,1,1,1,1,0,0,4,2,5,1,14,12,13,0,8,5,1,5,1
898,1,0,17,0,1,2,2,3,3,4,0,3,1,0,1,0,0,1,3,5,4,10,8,9,1,2,3,3,5,1
899,1,1,16,1,1,1,1,4,4,0,4,1,1,1,1,0,1,2,2,1,4,14,14,14,0,0,5,1,1,0
900,1,1,19,1,1,2,2,4,4,1,0,1,1,1,1,1,0,5,4,5,3,12,13,13,0,0,1,1,1,0
901,1,1,17,0,1,1,1,0,4,3,0,2,0,1,1,1,1,4,4,5,1,11,11,11,0,0,5,1,2,0
902,1,1,20,1,1,3,3,0,3,4,0,2,1,1,1,1,1,3,3,4,2,11,9,10,1,8,3,2,4,1
903,1,1,17,1,1,1,1,4,3,0,1,1,1,0,1,1,0,4,3,3,3,11,11,10,0,0,3,1,1,0
904,1,0,17,0,1,2,2,4,4,0,0,3,0,1,1,0,1,4,4,5,1,10,9,9,1,0,5,1,2,0
905,1,1,16,0,1,1,1,0,4,0,1,3,1,0,1,0,0,5,3,2,2,16,17,18,0,0,1,1,1,0
906,1,1,17,0,1,2,2,4,4,3,0,2,1,0,1,0,1,5,3,2,2,15,17,17,0,0,1,1,1,0
907,1,1,17,1,0,1,0,4,4,4,0,2,1,1,1,1,1,4,4,5,2,11,9,10,0,1,4,1,1,0
908,1,1,18,0,1,1,1,0,4,4,0,1,1,1,1,1,1,4,3,2,2,7,7,7,1,9,5,1,1,0
909,1,1,16,1,1,3,1,4,4,0,0,1,1,1,1,0,1,3,1,3,1,8,6,8,0,0,1,1,3,1
910,1,1,16,1,1,3,2,3,0,0,0,1,1,1,1,0,1,3,1,3,1,7,6,7,0,2,3,1,4,1
911,1,1,18,1,1,1,1,4,0,3,0,2,1,0,1,0,0,2,3,5,2,9,8,10,0,8,3,1,4,1
912,1,1,16,0,1,4,4,1,2,3,1,1,0,1,1,1,1,4,3,3,2,14,16,16,0,0,2,2,3,1
913,1,1,16,0,1,1,2,4,4,3,0,2,1,1,1,0,0,5,4,5,1,14,14,15,0,0,2,1,4,1
914,1,1,18,1,0,2,4,4,3,3,1,1,1,1,1,0,1,2,3,2,2,8,5,8,1,8,1,1,3,1
915,1,0,16,0,1,2,1,4,3,3,0,2,1,1,1,0,1,5,2,1,2,8,7,0,0,0,2,1,1,0
916,1,1,16,1,1,1,1,0,4,4,0,3,1,1,1,0,0,4,3,2,2,6,8,8,0,6,5,1,3,1
917,1,1,16,0,1,2,3,0,3,4,0,2,1,1,1,0,1,3,3,3,2,8,10,10,0,0,2,1,1,0
918,1,1,16,1,1,4,4,1,1,0,0,1,1,1,1,1,1,4,3,4,2,8,8,8,0,4,3,1,2,0
919,1,0,18,1,1,4,4,0,1,1,0,1,1,1,0,1,0,5,5,5,4,5,6,6,0,2,5,5,5,1
920,1,1,16,0,1,3,4,0,4,4,0,3,0,0,1,0,0,4,2,1,2,7,9,8,0,2,2,1,1,0
921,1,0,17,1,1,4,4,4,3,1,0,1,1,1,1,0,0,4,4,3,3,15,14,16,0,0,5,1,2,0
922,1,1,17,0,1,4,1,4,4,4,0,1,1,1,1,1,1,4,2,3,1,13,14,14,0,1,5,1,2,0
923,1,0,16,1,1,2,2,3,3,4,0,4,1,0,1,0,0,5,1,3,3,10,9,10,0,0,3,2,2,1
924,1,1,17,0,1,2,2,0,4,4,0,1,1,1,1,0,1,5,1,3,1,9,9,9,0,5,5,1,2,0
925,1,1,16,1,1,4,4,3,3,4,1,2,1,0,1,0,0,5,1,3,1,11,11,11,0,1,5,1,2,0
926,1,0,17,1,1,3,3,3,3,1,0,1,1,1,1,0,1,4,1,4,1,7,10,9,0,8,3,5,5,1
927,1,0,17,1,1,1,1,0,3,4,0,3,1,1,1,1,1,5,1,3,2,10,10,10,0,0,1,3,3,1
928,1,0,16,1,1,2,1,1,3,4,0,2,0,1,1,1,1,4,2,2,2,9,7,8,0,2,5,1,4,1
929,1,1,16,1,1,2,1,4,3,4,0,1,1,1,1,1,0,3,2,2,2,14,15,16,0,0,3,1,1,0
930,1,0,16,1,1,4,4,2,1,4,1,1,1,1,1,0,0,4,1,2,1,11,12,12,0,0,5,2,5,1
931,1,0,15,0,1,1,2,4,3,0,0,3,1,0,1,0,1,5,5,5,2,9,11,10,0,11,5,1,3,1
932,1,0,15,1,0,2,2,4,4,3,0,3,1,0,1,0,0,5,4,5,4,13,14,14,0,8,5,2,3,1
933,1,0,15,1,0,2,1,3,3,0,0,1,1,1,1,0,0,4,3,3,1,12,13,12,0,11,5,1,2,0
934,1,1,16,0,1,2,2,4,4,0,0,1,0,0,1,1,0,4,3,3,3,11,11,11,0,2,5,2,2,1
935,1,1,16,1,1,4,1,4,4,1,0,2,1,1,1,0,0,1,2,4,2,9,10,10,0,8,1,2,2,1
936,1,1,17,1,1,3,2,0,4,1,0,2,1,0,1,1,1,4,3,3,1,9,11,11,0,5,1,2,2,1
937,1,1,17,0,1,2,2,4,4,4,0,2,1,0,1,0,1,5,1,3,2,11,9,11,0,0,5,1,1,0
938,1,1,16,1,1,4,4,2,3,0,0,2,1,1,1,1,1,5,3,5,3,10,11,12,0,1,5,1,4,1
939,1,0,17,0,1,4,4,1,4,0,1,3,1,1,1,1,1,3,3,3,1,9,9,8,3,2,5,1,3,1
940,1,0,17,0,1,1,3,4,4,0,1,2,1,0,1,1,0,5,1,2,1,12,11,12,0,2,5,3,3,1
941,1,0,17,1,1,3,4,3,4,4,0,1,0,1,1,1,1,5,4,4,2,8,9,8,1,8,5,3,4,1
942,1,1,17,1,1,4,4,1,1,0,1,1,1,1,1,0,1,5,2,5,2,13,15,16,0,0,5,1,1,0
943,1,0,16,0,1,4,1,4,0,4,1,1,1,1,1,0,0,4,1,2,1,10,11,11,0,0,2,2,1,0
944,1,1,17,1,0,1,1,0,0,4,0,1,1,1,1,1,1,4,5,5,2,11,10,11,0,2,3,1,2,0
945,1,1,17,0,1,4,2,4,4,0,0,2,0,1,1,0,1,4,3,3,2,17,18,18,0,0,5,2,3,1
946,1,0,16,1,0,2,2,4,3,0,1,2,0,1,1,1,0,4,1,2,2,12,13,13,0,0,5,2,2,1
947,1,0,17,1,1,3,2,4,4,4,1,2,1,1,1,0,1,4,1,2,2,13,14,13,0,0,1,2,2,1
948,1,0,19,1,1,1,1,4,4,4,0,1,1,1,0,0,1,4,4,3,2,9,9,10,2,2,4,3,4,1
949,1,0,17,1,0,1,0,4,4,1,0,1,1,0,1,1,0,4,1,2,1,11,11,12,0,4,5,1,1,0
950,1,1,17,0,1,1,1,0,0,0,1,2,1,1,0,1,1,3,5,5,1,10,11,10,0,3,4,2,2,1
951,1,1,16,0,1,1,2,4,4,1,1,1,0,1,1,1,1,4,3,4,3,13,14,13,0,5,3,1,1,0
952,1,0,16,0,1,1,2,4,0,0,0,1,1,0,1,0,0,4,4,4,1,9,10,11,0,4,5,2,4,1
953,1,1,17,0,1,3,1,4,4,0,0,2,0,1,1,1,1,5,4,4,2,7,9,10,3,2,5,1,1,0
954,1,0,17,0,1,2,2,4,4,0,0,2,1,0,0,1,1,5,5,5,1,8,13,10,0,0,5,3,5,1
955,1,0,18,0,1,1,0,0,0,0,4,3,1,0,1,0,1,4,3,2,1,12,12,13,1,0,4,1,1,0
956,1,0,17,0,1,1,1,4,3,0,0,2,0,1,1,1,1,4,5,5,1,10,9,10,0,0,2,1,3,1
957,1,0,18,1,1,1,1,0,0,0,0,2,1,0,1,0,0,4,3,3,2,10,9,10,0,6,5,1,4,1
958,1,1,16,0,1,2,2,4,3,0,1,1,1,0,1,1,0,5,4,3,2,11,13,12,0,0,1,1,1,0
959,1,0,17,1,1,2,2,4,4,0,0,1,1,0,1,1,1,1,2,1,1,7,0,0,1,0,5,2,3,1
960,1,0,16,0,1,3,2,3,4,0,1,2,1,1,1,0,1,4,5,5,1,11,9,10,0,2,5,2,3,1
961,1,0,16,0,1,1,1,0,4,0,0,2,1,1,1,0,0,4,5,5,1,10,10,9,0,0,5,2,4,1
962,1,0,18,0,1,1,1,3,4,0,4,2,1,1,0,1,1,5,3,3,1,9,7,9,1,2,5,2,3,1
963,1,0,18,0,1,3,2,3,4,0,0,1,1,1,0,0,1,2,3,1,1,4,0,0,1,0,5,2,2,1
964,1,0,19,1,1,3,2,0,3,0,0,2,1,0,1,0,1,3,2,1,1,6,11,9,3,4,3,1,1,0
965,1,0,18,1,1,3,3,0,0,0,0,1,1,1,0,0,1,4,4,5,2,4,8,8,2,9,3,1,3,1
966,1,0,16,0,1,2,2,3,3,0,0,2,1,1,1,1,1,5,4,3,1,7,8,8,0,6,4,2,4,1
967,1,0,19,1,1,2,1,0,4,0,4,2,0,1,0,1,1,4,4,3,1,8,9,9,3,4,5,1,3,1
968,1,1,16,1,0,3,2,3,0,0,0,2,1,0,1,1,1,2,5,5,2,5,5,7,2,8,1,1,1,0
969,1,1,17,1,1,1,1,4,0,0,0,1,1,0,1,0,1,4,3,2,1,7,9,10,0,9,5,1,2,0
970,1,0,20,0,1,1,1,4,4,0,4,2,1,1,0,1,1,4,4,3,1,8,11,10,1,12,4,2,4,1
971,1,1,18,0,0,4,3,3,3,0,0,1,1,1,1,0,1,5,4,4,1,10,11,10,0,8,2,3,4,1
972,1,0,18,0,1,3,2,4,4,0,0,2,0,1,1,0,1,2,5,5,1,9,10,11,0,8,5,5,5,1
973,1,0,19,0,1,1,1,4,3,1,4,3,1,1,1,0,1,5,4,4,2,10,9,11,1,8,2,3,3,1
974,1,0,17,1,1,3,3,1,4,0,0,2,1,1,1,0,1,4,5,4,2,8,9,10,1,4,3,2,3,1
975,1,0,18,1,1,1,3,0,3,0,0,1,1,1,0,1,0,4,3,3,1,9,10,9,0,0,3,2,3,1
976,1,0,19,0,1,1,1,4,4,1,4,3,1,1,1,0,1,4,4,4,1,8,9,10,1,4,5,3,3,1
977,1,1,18,1,0,1,2,0,4,0,0,2,1,0,1,0,1,4,3,3,2,6,8,8,2,2,5,1,1,0
978,1,1,19,1,0,1,1,0,4,0,0,1,1,0,0,0,0,1,4,4,1,6,8,7,0,0,5,1,1,0
979,1,1,18,0,1,2,2,4,4,4,0,2,1,1,0,1,1,5,5,5,1,8,6,0,1,0,3,1,1,0
980,1,1,17,0,1,0,0,0,4,0,0,2,1,1,1,0,1,4,4,3,1,10,11,11,0,0,5,1,1,0
981,1,1,17,0,0,3,1,4,0,0,4,2,1,0,0,0,0,4,2,3,3,8,7,8,0,5,3,2,2,1
982,1,1,17,1,1,4,2,2,3,1,0,1,1,1,1,0,1,5,5,5,2,8,8,0,0,0,5,1,3,1
983,1,1,18,0,1,2,2,3,3,0,0,1,1,1,1,0,0,2,3,3,2,7,6,8,1,3,4,1,2,0
984,1,1,17,1,1,4,1,1,0,0,0,1,1,0,1,1,1,3,2,2,1,8,10,9,0,0,5,1,1,0
985,1,1,17,1,1,1,2,0,4,0,1,1,1,1,1,0,0,5,5,1,1,7,10,10,0,0,3,1,1,0
986,1,1,18,1,1,1,1,4,4,0,0,3,1,0,1,1,1,3,4,4,2,7,8,7,2,3,5,2,2,1
987,1,1,18,1,1,2,2,3,0,3,1,2,0,1,1,0,1,4,3,5,2,12,13,14,0,2,1,1,1,0
988,1,1,17,1,1,3,3,3,3,0,0,2,1,1,1,0,1,4,4,3,1,11,12,13,0,0,4,1,1,0
989,1,1,18,1,0,1,2,0,4,3,0,2,1,1,1,0,0,4,4,3,2,12,13,14,0,0,4,1,2,0
990,1,1,18,1,1,4,4,2,2,3,0,2,0,1,1,0,1,4,3,5,2,18,18,18,0,0,1,1,2,0
991,1,0,18,1,1,4,4,3,4,3,0,1,1,1,1,0,0,5,4,5,1,17,17,17,0,3,5,1,1,0
992,1,1,17,1,1,4,2,4,4,0,0,2,1,1,1,0,1,4,3,3,2,17,18,18,0,0,4,1,2,0
993,1,1,18,0,1,2,2,0,4,0,0,3,1,0,1,1,1,4,3,3,2,9,0,0,1,0,4,1,1,0
994,1,0,18,1,1,1,2,0,3,1,0,2,0,0,1,0,0,4,1,4,1,10,11,11,0,8,1,5,5,1
995,1,0,18,0,1,4,4,0,3,4,0,3,1,1,1,1,1,2,5,5,1,12,13,14,0,5,1,1,1,0
996,1,0,17,0,1,1,1,4,3,4,1,3,0,0,0,0,1,4,2,3,1,12,13,14,0,4,4,3,4,1
997,1,1,18,1,1,2,2,4,4,0,0,2,0,1,1,1,1,1,3,1,2,8,8,10,0,4,2,1,1,0
998,1,1,18,1,1,2,2,3,3,0,1,2,1,1,1,1,0,5,4,5,3,11,12,13,0,0,3,1,4,1
999,1,1,18,0,0,4,2,2,4,3,0,1,1,1,1,1,0,5,3,1,2,5,0,0,0,0,5,1,1,0
1000,1,1,18,1,1,1,1,0,3,0,0,3,1,0,0,0,1,4,4,2,2,9,10,10,1,2,2,1,2,0
1001,1,1,19,1,1,1,1,0,3,4,1,2,1,0,0,0,1,5,5,5,1,5,0,0,1,0,2,2,3,1
1002,1,1,17,1,1,4,2,2,4,0,1,2,1,1,1,1,1,4,2,3,4,18,18,18,0,0,5,3,1,1
1003,1,1,17,0,0,2,1,3,4,3,0,2,1,1,1,1,0,5,3,3,2,11,11,12,0,5,2,1,2,0
1004,1,1,18,1,0,1,1,0,3,0,0,1,1,0,1,1,0,5,2,3,2,8,10,11,0,2,3,1,2,0
1005,1,1,18,1,1,1,2,0,0,0,1,2,1,0,0,0,1,4,1,1,2,11,11,12,0,0,4,1,1,0
1006,1,1,19,0,0,1,1,0,0,0,4,2,1,0,0,1,1,3,5,4,2,8,0,0,3,0,1,1,4,1
1007,1,1,18,0,1,2,2,3,4,1,0,2,1,1,1,1,1,4,2,1,3,14,14,15,0,5,4,1,1,0
1008,1,0,17,0,1,4,3,3,4,1,0,2,0,1,1,1,1,4,5,5,2,10,11,11,1,4,2,1,3,1
1009,1,1,18,1,1,3,3,3,3,0,1,1,1,0,1,1,1,5,3,4,2,10,10,10,0,0,5,1,1,0
1010,1,1,17,0,1,4,4,2,3,4,1,2,1,1,1,0,1,4,3,3,2,12,12,12,0,2,5,1,2,0
1011,1,1,17,1,0,3,2,3,4,3,0,2,1,0,1,1,0,1,2,3,2,15,14,15,0,0,5,1,2,0
1012,1,0,18,1,1,1,1,4,3,1,1,2,0,1,1,1,0,3,3,2,1,14,13,14,0,2,3,1,2,0
1013,1,1,18,1,1,1,1,0,3,0,1,2,1,1,1,0,0,5,3,2,3,19,17,18,0,0,4,1,1,0
1014,1,1,18,0,0,1,2,0,4,0,0,3,1,0,1,1,0,4,3,4,2,16,15,15,0,0,5,1,4,1
1015,1,1,18,1,1,3,3,3,3,4,0,2,1,1,1,1,1,4,3,2,2,13,12,13,0,6,3,1,3,1
1016,1,1,17,1,1,4,4,0,0,0,0,1,1,1,1,1,0,2,3,4,2,15,14,15,0,4,1,1,1,0
1017,1,1,17,0,1,1,2,4,3,0,1,2,0,0,1,0,1,3,2,2,2,13,13,13,0,0,3,1,2,0
1018,1,0,18,0,1,1,3,0,4,0,0,2,1,0,1,0,1,3,3,4,2,8,10,9,0,0,3,2,4,1
1019,1,0,18,1,1,4,4,2,3,4,0,2,1,1,1,1,0,4,2,2,3,15,16,16,0,0,5,2,2,1
1020,1,1,17,0,1,1,1,4,3,3,0,3,1,1,1,1,1,5,2,1,1,8,8,9,1,0,1,1,2,0
1021,1,1,18,1,1,2,3,0,3,0,1,2,1,1,1,1,1,5,2,3,1,10,10,10,0,0,4,1,2,0
1022,1,1,18,0,1,4,4,4,2,4,1,3,0,1,1,1,1,3,2,2,2,7,5,0,0,0,5,4,2,1
1023,1,0,18,0,1,1,2,0,3,4,1,3,1,1,0,1,0,4,3,3,1,9,10,10,0,3,3,2,3,1
1024,1,1,17,1,1,2,2,4,0,1,0,1,1,0,1,1,1,3,4,3,3,10,11,12,0,8,3,1,1,0
1025,1,1,17,0,1,1,2,4,4,0,0,1,1,1,1,0,1,3,5,5,1,7,8,9,0,4,1,1,3,1
1026,1,1,18,0,1,4,4,4,4,3,0,2,1,1,1,0,0,5,4,4,3,15,17,17,0,0,1,1,1,0
1027,1,1,18,0,1,1,1,4,4,1,0,4,1,1,1,0,1,4,3,2,3,10,11,12,0,4,4,1,2,0
1028,1,1,19,0,1,1,1,0,4,0,4,2,1,1,1,1,1,4,3,3,2,7,8,9,1,4,3,1,1,0
1029,1,1,18,0,1,4,4,2,3,0,0,1,1,1,1,0,0,5,4,3,2,13,14,14,0,1,2,3,4,1
1030,1,1,18,1,1,3,3,4,4,1,0,1,1,1,1,1,1,4,1,3,2,16,16,16,0,1,1,1,2,0
1031,1,1,17,0,1,3,1,0,4,3,0,1,0,1,1,0,1,4,5,4,2,8,9,9,0,10,1,2,3,1
1032,1,0,18,1,1,4,4,2,2,1,1,1,0,1,1,0,1,3,2,4,2,17,18,19,0,4,2,1,4,1
1033,1,0,18,0,1,2,1,4,4,4,0,2,0,1,1,1,1,4,4,3,1,7,7,0,0,0,5,1,3,1
1034,1,0,17,1,1,2,3,4,3,1,1,2,1,1,1,0,1,4,4,3,2,14,15,16,0,4,3,1,1,0
1035,1,0,19,0,1,1,1,4,3,4,0,2,1,0,1,0,1,4,3,2,1,5,8,0,1,0,5,1,3,1
1036,1,0,18,0,1,4,2,4,4,1,1,2,1,0,1,0,1,5,4,3,1,7,7,0,1,0,3,4,3,1
1037,1,1,18,0,1,2,2,0,4,4,0,2,1,0,1,0,1,5,3,3,3,14,17,15,0,0,4,1,3,1
1038,1,1,17,1,1,4,3,2,4,4,0,2,1,1,1,0,1,5,5,4,2,6,9,11,0,0,1,1,1,0
1039,1,1,18,0,1,4,4,2,0,3,0,3,1,1,1,1,1,4,4,3,1,7,9,10,0,4,5,2,2,1
1040,1,1,19,0,1,2,3,3,4,0,0,1,0,1,1,0,1,5,4,2,3,10,11,10,1,4,5,1,2,0
1041,1,1,18,1,1,3,1,2,3,0,0,1,1,1,1,0,0,4,3,4,2,15,15,16,0,4,1,1,1,0
1042,1,1,18,1,1,1,1,4,4,0,0,2,1,0,1,0,1,1,1,1,2,11,12,9,0,6,5,1,1,0
1043,1,0,17,1,1,3,1,3,3,0,0,2,0,1,1,0,0,2,4,5,1,10,10,10,0,6,2,3,4,1
1044,1,0,18,0,1,3,2,3,4,0,0,3,0,1,1,0,0,4,4,1,1,10,11,11,0,4,5,3,4,1
